0,2022-01-01,24,30,,Saturday,,,1
1,2022-01-02,38,,,Sunday,,,0
2,2022-01-03,98,1,Sunny,Monday,2,,1
3,2022-01-04,16,35,Sunny,Tuesday,,,0
4,2022-01-05,0,-9,,Wednesday,4,1,1
5,2022-01-06,35,-5,,Thursday,,,1
6,2022-01-07,95,40,Rainy,Friday,,,0
7,2022-01-08,74,,Rainy,Saturday,7,,0
8,2022-01-09,76,18,,Sunday,,,0
9,2022-01-10,29,4,,Monday,,,1
10,2022-01-11,17,0,,Tuesday,3,,1
11,2022-01-12,9,20,,Wednesday,,,1
12,2022-01-13,20,27,Sunny,Thursday,3,,0
13,2022-01-14,41,38,,Friday,,,1
14,2022-01-15,84,-2,,Saturday,4,,1
15,2022-01-16,71,40,,Sunday,,,1
16,2022-01-17,94,3,,Monday,,,0
17,2022-01-18,25,40,,Tuesday,,,0
18,2022-01-19,60,36,,Wednesday,,,0
19,2022-01-20,12,33,,Thursday,5,,1
20,2022-01-21,25,-4,,Friday,,,1
21,2022-01-22,12,29,,Saturday,7,,1
22,2022-01-23,10,25,,Sunday,4,,1
23,2022-01-24,39,38,,Monday,5,,1
24,2022-01-25,69,,,Tuesday,6,,0
25,2022-01-26,19,29,,Wednesday,6,,0
26,2022-01-27,42,,,Thursday,,0,0
27,2022-01-28,12,,,Friday,9,,0
28,2022-01-29,6,-2,Sunny,Saturday,7,,1
29,2022-01-30,96,-10,,Sunday,,,1
30,2022-01-31,5,-3,Sunny,Monday,,,1
31,2022-02-01,76,25,,Tuesday,,,1
32,2022-02-02,21,2,,Wednesday,,,0
33,2022-02-03,92,31,,Thursday,,,1
34,2022-02-04,97,-4,,Friday,,,1
35,2022-02-05,29,-9,,Saturday,8,1,0
36,2022-02-06,69,0,,Sunday,,,1
37,2022-02-07,4,-5,,Monday,,,1
38,2022-02-08,2,19,,Tuesday,1,,1
39,2022-02-09,89,21,,Wednesday,,,0
40,2022-02-10,47,21,,Thursday,2,,1
41,2022-02-11,8,1,,Friday,,,1
42,2022-02-12,1,20,,Saturday,,,0
43,2022-02-13,16,-4,,Sunday,,,0
44,2022-02-14,23,14,,Monday,2,,1
45,2022-02-15,79,10,,Tuesday,,,1
46,2022-02-16,70,39,,Wednesday,7,,1
47,2022-02-17,5,-7,,Thursday,,,1
48,2022-02-18,67,38,,Friday,,,1
49,2022-02-19,4,29,,Saturday,0,,1
50,2022-02-20,82,11,,Sunday,,,1
51,2022-02-21,97,10,,Monday,1,,1
52,2022-02-22,18,8,,Tuesday,0,,0
53,2022-02-23,82,5,Rainy,Wednesday,,,1
54,2022-02-24,98,-3,,Thursday,3,,0
55,2022-02-25,61,19,,Friday,,,1
56,2022-02-26,39,,,Saturday,,,1
57,2022-02-27,86,36,,Sunday,,,1
58,2022-02-28,99,,,Monday,8,,0
59,2022-03-01,33,8,,Tuesday,,,1
60,2022-03-02,32,3,,Wednesday,,,1
61,2022-03-03,80,39,,Thursday,7,,1
62,2022-03-04,92,24,,Friday,,,1
63,2022-03-05,43,16,,Saturday,1,,1
64,2022-03-06,70,8,,Sunday,,,0
65,2022-03-07,93,,,Monday,,,1
66,2022-03-08,86,13,,Tuesday,,,0
67,2022-03-09,81,8,,Wednesday,,,1
68,2022-03-10,25,21,,Thursday,10,,0
69,2022-03-11,96,-7,,Friday,,,0
70,2022-03-12,27,-4,,Saturday,,0,0
71,2022-03-13,95,9,Rainy,Sunday,,,0
72,2022-03-14,39,-4,,Monday,,,0
73,2022-03-15,62,37,Sunny,Tuesday,1,,0
74,2022-03-16,50,29,Rainy,Wednesday,0,1,1
75,2022-03-17,53,-4,,Thursday,,,0
76,2022-03-18,57,-9,,Friday,3,,0
77,2022-03-19,25,40,,Saturday,,,1
78,2022-03-20,32,17,,Sunday,,,1
79,2022-03-21,86,-1,,Monday,8,,1
80,2022-03-22,62,,,Tuesday,8,,0
81,2022-03-23,71,-9,,Wednesday,3,,0
82,2022-03-24,54,24,,Thursday,,,0
83,2022-03-25,40,1,,Friday,10,,0
84,2022-03-26,20,8,,Saturday,3,,0
85,2022-03-27,43,25,,Sunday,6,,0
86,2022-03-28,4,22,,Monday,0,,0
87,2022-03-29,96,35,,Tuesday,,,1
88,2022-03-30,67,35,,Wednesday,0,,1
89,2022-03-31,15,33,Sunny,Thursday,5,,1
90,2022-04-01,54,34,Sunny,Friday,3,,0
91,2022-04-02,4,-10,,Saturday,,,1
92,2022-04-03,53,38,,Sunday,1,,0
93,2022-04-04,11,,,Monday,10,,1
94,2022-04-05,70,28,,Tuesday,,,1
95,2022-04-06,52,35,,Wednesday,,,0
96,2022-04-07,63,1,,Thursday,,,1
97,2022-04-08,41,39,,Friday,6,,0
98,2022-04-09,67,19,,Saturday,4,,0
99,2022-04-10,35,-2,Sunny,Sunday,9,,1
100,2022-04-11,52,25,,Monday,,,0
101,2022-04-12,1,9,,Tuesday,,,0
102,2022-04-13,16,36,,Wednesday,,1,0
103,2022-04-14,63,24,Rainy,Thursday,7,,0
104,2022-04-15,24,2,Sunny,Friday,6,,0
105,2022-04-16,61,31,,Saturday,,,1
106,2022-04-17,60,20,,Sunday,,,0
107,2022-04-18,32,30,,Monday,,,1
108,2022-04-19,89,11,,Tuesday,,,1
109,2022-04-20,99,30,Sunny,Wednesday,,,1
110,2022-04-21,41,-7,,Thursday,0,,0
111,2022-04-22,15,22,Rainy,Friday,,,1
112,2022-04-23,66,8,,Saturday,,,0
113,2022-04-24,29,-6,,Sunday,,,0
114,2022-04-25,94,-2,,Monday,2,,1
115,2022-04-26,13,20,,Tuesday,,,1
116,2022-04-27,97,12,Sunny,Wednesday,2,0,0
117,2022-04-28,80,35,,Thursday,,,1
118,2022-04-29,16,31,,Friday,,,1
119,2022-04-30,51,,,Saturday,,,1
120,2022-05-01,76,40,,Sunday,4,,1
121,2022-05-02,89,12,,Monday,3,,1
122,2022-05-03,51,6,,Tuesday,2,,1
123,2022-05-04,50,34,,Wednesday,10,,1
124,2022-05-05,36,17,,Thursday,,1,0
125,2022-05-06,40,25,,Friday,4,,0
126,2022-05-07,9,-3,,Saturday,,,0
127,2022-05-08,5,32,,Sunday,,,0
128,2022-05-09,97,4,,Monday,,,1
129,2022-05-10,66,1,,Tuesday,6,,0
130,2022-05-11,50,18,Rainy,Wednesday,,,0
131,2022-05-12,93,40,,Thursday,,,0
132,2022-05-13,2,36,,Friday,,1,0
133,2022-05-14,97,18,,Saturday,,,1
134,2022-05-15,94,19,Rainy,Sunday,8,,1
135,2022-05-16,35,27,,Monday,,,0
136,2022-05-17,66,11,,Tuesday,,,1
137,2022-05-18,37,-6,,Wednesday,8,,1
138,2022-05-19,98,3,,Thursday,,,1
139,2022-05-20,31,10,,Friday,,,0
140,2022-05-21,27,20,,Saturday,,,0
141,2022-05-22,57,,Sunny,Sunday,,,0
142,2022-05-23,69,2,Rainy,Monday,,,1
143,2022-05-24,70,-7,,Tuesday,10,,0
144,2022-05-25,93,14,Sunny,Wednesday,0,,0
145,2022-05-26,93,16,,Thursday,9,,1
146,2022-05-27,16,20,,Friday,3,,1
147,2022-05-28,85,10,Rainy,Saturday,1,,1
148,2022-05-29,70,32,,Sunday,,,1
149,2022-05-30,81,34,,Monday,,,1
150,2022-05-31,28,-3,,Tuesday,,,0
151,2022-06-01,83,,,Wednesday,,,1
152,2022-06-02,86,31,,Thursday,,,0
153,2022-06-03,85,-10,,Friday,0,,0
154,2022-06-04,28,33,,Saturday,3,,1
155,2022-06-05,6,30,Sunny,Sunday,,,0
156,2022-06-06,84,-9,Rainy,Monday,5,,0
157,2022-06-07,18,-10,,Tuesday,2,,1
158,2022-06-08,84,40,,Wednesday,9,,1
159,2022-06-09,61,13,Sunny,Thursday,,,1
160,2022-06-10,88,34,,Friday,8,,1
161,2022-06-11,45,6,,Saturday,,,1
162,2022-06-12,63,-3,,Sunday,1,,0
163,2022-06-13,24,33,,Monday,7,,0
164,2022-06-14,34,-5,,Tuesday,4,,0
165,2022-06-15,99,13,,Wednesday,,,1
166,2022-06-16,48,26,,Thursday,9,,0
167,2022-06-17,4,34,Sunny,Friday,,,0
168,2022-06-18,92,7,,Saturday,,,0
169,2022-06-19,59,15,Rainy,Sunday,7,,0
170,2022-06-20,18,38,Sunny,Monday,3,,0
171,2022-06-21,67,-4,,Tuesday,0,,1
172,2022-06-22,30,17,,Wednesday,1,,1
173,2022-06-23,52,-2,,Thursday,,,1
174,2022-06-24,34,0,,Friday,2,,0
175,2022-06-25,54,25,,Saturday,,,0
176,2022-06-26,60,-4,,Sunday,,,1
177,2022-06-27,57,-1,,Monday,,,0
178,2022-06-28,8,-1,,Tuesday,,,0
179,2022-06-29,76,25,Sunny,Wednesday,,,1
180,2022-06-30,20,3,,Thursday,10,,1
181,2022-07-01,64,20,,Friday,,,0
182,2022-07-02,34,-10,,Saturday,8,,0
183,2022-07-03,70,5,,Sunday,1,,1
184,2022-07-04,80,18,,Monday,7,,0
185,2022-07-05,2,10,,Tuesday,8,,0
186,2022-07-06,14,,,Wednesday,4,,1
187,2022-07-07,33,-9,,Thursday,2,,0
188,2022-07-08,44,4,,Friday,,,0
189,2022-07-09,27,-3,,Saturday,,,1
190,2022-07-10,77,25,,Sunday,,,0
191,2022-07-11,23,20,Rainy,Monday,7,,1
192,2022-07-12,16,31,,Tuesday,,,0
193,2022-07-13,60,16,,Wednesday,10,,1
194,2022-07-14,83,31,,Thursday,3,,1
195,2022-07-15,49,5,Sunny,Friday,,,1
196,2022-07-16,27,,,Saturday,0,,0
197,2022-07-17,98,13,,Sunday,,,1
198,2022-07-18,85,,,Monday,4,,1
199,2022-07-19,72,33,,Tuesday,2,,0
200,2022-07-20,97,39,,Wednesday,,,1
201,2022-07-21,93,-10,,Thursday,,,1
202,2022-07-22,10,-10,,Friday,7,,0
203,2022-07-23,15,-3,,Saturday,4,,1
204,2022-07-24,46,21,,Sunday,,,1
205,2022-07-25,41,-1,,Monday,8,,1
206,2022-07-26,43,33,,Tuesday,6,,0
207,2022-07-27,34,9,,Wednesday,4,,1
208,2022-07-28,48,2,,Thursday,,,0
209,2022-07-29,84,-9,,Friday,,,0
210,2022-07-30,27,37,,Saturday,,,1
211,2022-07-31,50,19,,Sunday,10,,0
212,2022-08-01,60,6,Sunny,Monday,,,1
213,2022-08-02,29,34,Rainy,Tuesday,,,1
214,2022-08-03,77,23,,Wednesday,6,,1
215,2022-08-04,66,,,Thursday,6,,1
216,2022-08-05,45,11,,Friday,0,,1
217,2022-08-06,87,19,,Saturday,1,,1
218,2022-08-07,53,14,Sunny,Sunday,,,0
219,2022-08-08,98,17,,Monday,,,0
220,2022-08-09,6,18,,Tuesday,,,0
221,2022-08-10,65,39,Sunny,Wednesday,,,1
222,2022-08-11,44,3,Rainy,Thursday,10,,1
223,2022-08-12,68,37,Sunny,Friday,,,0
224,2022-08-13,31,8,Rainy,Saturday,,,1
225,2022-08-14,55,30,Sunny,Sunday,7,,0
226,2022-08-15,95,23,,Monday,7,0,1
227,2022-08-16,53,,,Tuesday,,,1
228,2022-08-17,88,12,,Wednesday,,,0
229,2022-08-18,37,18,,Thursday,,,1
230,2022-08-19,67,34,,Friday,9,,0
231,2022-08-20,9,27,,Saturday,,,1
232,2022-08-21,39,33,,Sunday,2,,0
233,2022-08-22,42,,,Monday,,,1
234,2022-08-23,90,24,,Tuesday,,,0
235,2022-08-24,7,37,,Wednesday,,,1
236,2022-08-25,59,-2,,Thursday,,,1
237,2022-08-26,44,23,,Friday,,,1
238,2022-08-27,53,,,Saturday,5,,0
239,2022-08-28,68,9,,Sunday,5,,1
240,2022-08-29,17,,,Monday,0,,1
241,2022-08-30,53,9,,Tuesday,,,1
242,2022-08-31,2,-8,,Wednesday,8,,1
243,2022-09-01,44,3,,Thursday,1,,1
244,2022-09-02,7,12,,Friday,,,0
245,2022-09-03,93,-9,Sunny,Saturday,,,0
246,2022-09-04,66,16,,Sunday,,,0
247,2022-09-05,26,8,,Monday,1,,0
248,2022-09-06,17,-10,,Tuesday,,,1
249,2022-09-07,20,30,,Wednesday,4,,0
250,2022-09-08,90,-5,,Thursday,,,1
251,2022-09-09,26,35,,Friday,,,0
252,2022-09-10,96,21,,Saturday,1,,1
253,2022-09-11,5,30,Sunny,Sunday,6,,1
254,2022-09-12,99,15,,Monday,,,0
255,2022-09-13,11,0,Sunny,Tuesday,,,0
256,2022-09-14,52,17,,Wednesday,0,,1
257,2022-09-15,74,8,Rainy,Thursday,2,,1
258,2022-09-16,38,39,,Friday,,,0
259,2022-09-17,29,24,,Saturday,,,0
260,2022-09-18,45,18,,Sunday,,,0
261,2022-09-19,23,20,,Monday,10,,0
262,2022-09-20,11,1,,Tuesday,5,,1
263,2022-09-21,25,11,,Wednesday,,,1
264,2022-09-22,24,36,,Thursday,,,0
265,2022-09-23,55,18,,Friday,6,,0
266,2022-09-24,48,15,,Saturday,,,0
267,2022-09-25,89,,,Sunday,,,0
268,2022-09-26,46,39,,Monday,,,1
269,2022-09-27,23,10,Rainy,Tuesday,,,0
270,2022-09-28,76,22,,Wednesday,,,0
271,2022-09-29,79,-7,,Thursday,3,,1
272,2022-09-30,70,40,,Friday,,,1
273,2022-10-01,57,28,,Saturday,,,0
274,2022-10-02,69,10,,Sunday,,,1
275,2022-10-03,32,10,,Monday,0,,1
276,2022-10-04,20,14,,Tuesday,,,0
277,2022-10-05,99,35,,Wednesday,4,,1
278,2022-10-06,26,20,,Thursday,6,,1
279,2022-10-07,83,26,,Friday,9,,1
280,2022-10-08,91,9,Rainy,Saturday,,,0
281,2022-10-09,90,11,,Sunday,,,1
282,2022-10-10,41,7,,Monday,,,0
283,2022-10-11,27,38,,Tuesday,,,1
284,2022-10-12,26,-4,,Wednesday,2,,1
285,2022-10-13,12,20,,Thursday,,,0
286,2022-10-14,86,-5,,Friday,10,,0
287,2022-10-15,67,8,,Saturday,,,0
288,2022-10-16,23,20,Rainy,Sunday,5,,1
289,2022-10-17,46,23,,Monday,3,,1
290,2022-10-18,68,2,,Tuesday,7,,1
291,2022-10-19,31,26,,Wednesday,,,1
292,2022-10-20,28,26,Sunny,Thursday,1,,0
293,2022-10-21,71,20,,Friday,8,,1
294,2022-10-22,0,34,,Saturday,,,0
295,2022-10-23,40,,,Sunday,0,,1
296,2022-10-24,30,7,,Monday,0,,1
297,2022-10-25,30,30,,Tuesday,8,,0
298,2022-10-26,88,-6,Sunny,Wednesday,10,,1
299,2022-10-27,64,-1,Rainy,Thursday,6,,1
300,2022-10-28,29,33,,Friday,10,,1
301,2022-10-29,4,35,,Saturday,,,1
302,2022-10-30,36,-4,Rainy,Sunday,,,1
303,2022-10-31,12,,,Monday,1,,0
304,2022-11-01,7,24,,Tuesday,,,0
305,2022-11-02,61,40,Rainy,Wednesday,,,0
306,2022-11-03,94,31,,Thursday,5,,0
307,2022-11-04,61,4,,Friday,8,,1
308,2022-11-05,26,,,Saturday,2,,0
309,2022-11-06,7,24,,Sunday,,,0
310,2022-11-07,88,37,,Monday,1,,1
311,2022-11-08,37,24,,Tuesday,6,,1
312,2022-11-09,86,,,Wednesday,,,0
313,2022-11-10,40,31,,Thursday,,,1
314,2022-11-11,19,-6,,Friday,,,0
315,2022-11-12,42,8,,Saturday,3,,0
316,2022-11-13,76,19,,Sunday,,,1
317,2022-11-14,33,21,,Monday,9,,0
318,2022-11-15,85,14,,Tuesday,4,,0
319,2022-11-16,16,-8,,Wednesday,,,0
320,2022-11-17,98,6,,Thursday,,,0
321,2022-11-18,63,-3,,Friday,,,0
322,2022-11-19,44,29,,Saturday,,,0
323,2022-11-20,98,13,Rainy,Sunday,0,,0
324,2022-11-21,78,2,,Monday,3,0,1
325,2022-11-22,96,23,Sunny,Tuesday,2,,0
326,2022-11-23,34,,Rainy,Wednesday,9,,0
327,2022-11-24,32,10,,Thursday,,,0
328,2022-11-25,0,-7,Rainy,Friday,,,1
329,2022-11-26,81,27,,Saturday,2,,0
330,2022-11-27,52,26,Rainy,Sunday,,,1
331,2022-11-28,87,8,,Monday,1,,1
332,2022-11-29,69,19,,Tuesday,6,,1
333,2022-11-30,72,12,,Wednesday,,,0
334,2022-12-01,36,,,Thursday,0,,0
335,2022-12-02,62,-2,,Friday,,,1
336,2022-12-03,57,28,,Saturday,,,0
337,2022-12-04,25,2,Rainy,Sunday,,,1
338,2022-12-05,68,0,,Monday,0,,0
339,2022-12-06,6,-4,,Tuesday,0,,0
340,2022-12-07,66,4,,Wednesday,,,1
341,2022-12-08,16,-6,,Thursday,9,,0
342,2022-12-09,90,37,,Friday,,1,1
343,2022-12-10,67,,,Saturday,4,,0
344,2022-12-11,13,-6,,Sunday,10,,1
345,2022-12-12,61,37,,Monday,6,,1
346,2022-12-13,29,21,,Tuesday,6,,1
347,2022-12-14,27,31,,Wednesday,,,1
348,2022-12-15,75,10,,Thursday,9,,0
349,2022-12-16,96,21,,Friday,4,,1
350,2022-12-17,1,38,,Saturday,,,0
351,2022-12-18,41,18,,Sunday,2,,0
352,2022-12-19,8,29,,Monday,,,0
353,2022-12-20,38,2,Sunny,Tuesday,8,,0
354,2022-12-21,62,32,,Wednesday,,,0
355,2022-12-22,32,10,,Thursday,,,1
356,2022-12-23,3,-9,,Friday,,,0
357,2022-12-24,81,16,,Saturday,,,1
358,2022-12-25,78,,Rainy,Sunday,,,0
359,2022-12-26,16,14,,Monday,1,,0
360,2022-12-27,53,8,Sunny,Tuesday,,,0
361,2022-12-28,41,-4,Rainy,Wednesday,,,0
362,2022-12-29,65,8,,Thursday,,,1
363,2022-12-30,98,10,,Friday,8,,0
364,2022-12-31,89,2,,Saturday,4,,0
365,2023-01-01,69,24,Sunny,Sunday,10,,1
366,2023-01-02,84,-7,,Monday,2,,1
367,2023-01-03,21,-2,,Tuesday,7,,1
368,2023-01-04,46,31,,Wednesday,1,,1
369,2023-01-05,91,6,,Thursday,,,0
370,2023-01-06,85,7,Rainy,Friday,5,,0
371,2023-01-07,1,28,Sunny,Saturday,,,1
372,2023-01-08,41,9,,Sunday,5,,1
373,2023-01-09,36,-3,,Monday,0,,0
374,2023-01-10,90,40,,Tuesday,,,0
375,2023-01-11,46,25,,Wednesday,9,,0
376,2023-01-12,45,7,,Thursday,,,0
377,2023-01-13,19,9,,Friday,4,,0
378,2023-01-14,0,6,,Saturday,8,,0
379,2023-01-15,40,17,,Sunday,,,1
380,2023-01-16,70,26,Sunny,Monday,6,,0
381,2023-01-17,66,-5,,Tuesday,7,,1
382,2023-01-18,24,-5,Sunny,Wednesday,,,0
383,2023-01-19,40,7,,Thursday,,,0
384,2023-01-20,77,15,,Friday,,,1
385,2023-01-21,22,29,Sunny,Saturday,,,0
386,2023-01-22,28,-6,Rainy,Sunday,,,0
387,2023-01-23,52,25,,Monday,2,,1
388,2023-01-24,68,12,,Tuesday,5,,0
389,2023-01-25,22,30,,Wednesday,0,,0
390,2023-01-26,87,40,,Thursday,2,,0
391,2023-01-27,6,,,Friday,2,,1
392,2023-01-28,28,32,,Saturday,0,,0
393,2023-01-29,6,2,,Sunday,,,0
394,2023-01-30,33,-8,Sunny,Monday,9,,0
395,2023-01-31,15,-7,,Tuesday,,,1
396,2023-02-01,23,14,,Wednesday,,,0
397,2023-02-02,55,-7,,Thursday,2,,0
398,2023-02-03,94,25,Sunny,Friday,,,1
399,2023-02-04,51,,Sunny,Saturday,6,,0
400,2023-02-05,73,18,,Sunday,1,,0
401,2023-02-06,16,2,,Monday,,,1
402,2023-02-07,78,31,Rainy,Tuesday,,,0
403,2023-02-08,5,,,Wednesday,,,1
404,2023-02-09,9,36,,Thursday,3,,0
405,2023-02-10,79,35,,Friday,,,0
406,2023-02-11,31,40,,Saturday,2,,0
407,2023-02-12,47,11,,Sunday,6,,0
408,2023-02-13,83,-9,,Monday,,,0
409,2023-02-14,34,22,,Tuesday,,,0
410,2023-02-15,49,36,,Wednesday,4,,0
411,2023-02-16,30,24,,Thursday,9,,1
412,2023-02-17,76,34,,Friday,,,0
413,2023-02-18,28,12,,Saturday,,,0
414,2023-02-19,48,,,Sunday,9,,0
415,2023-02-20,15,16,Rainy,Monday,5,,1
416,2023-02-21,38,1,,Tuesday,3,,1
417,2023-02-22,54,37,,Wednesday,,,1
418,2023-02-23,11,2,Sunny,Thursday,3,,1
419,2023-02-24,53,2,,Friday,5,,1
420,2023-02-25,19,25,,Saturday,9,,1
421,2023-02-26,57,33,,Sunday,,,0
422,2023-02-27,46,33,Rainy,Monday,,,0
423,2023-02-28,66,20,Rainy,Tuesday,,,1
424,2023-03-01,41,15,,Wednesday,10,,0
425,2023-03-02,91,-4,,Thursday,,,0
426,2023-03-03,10,22,,Friday,9,,0
427,2023-03-04,69,33,,Saturday,1,,1
428,2023-03-05,36,-3,,Sunday,,,1
429,2023-03-06,71,25,,Monday,,,1
430,2023-03-07,73,36,,Tuesday,,,0
431,2023-03-08,63,25,Sunny,Wednesday,,,0
432,2023-03-09,68,17,,Thursday,4,,1
433,2023-03-10,63,9,,Friday,,,1
434,2023-03-11,63,24,,Saturday,10,,1
435,2023-03-12,1,39,,Sunday,,,0
436,2023-03-13,51,25,,Monday,,,1
437,2023-03-14,98,9,,Tuesday,,,1
438,2023-03-15,46,27,,Wednesday,1,,1
439,2023-03-16,57,23,,Thursday,4,,0
440,2023-03-17,94,-3,,Friday,,,0
441,2023-03-18,40,8,,Saturday,,,1
442,2023-03-19,18,22,,Sunday,,,0
443,2023-03-20,67,6,,Monday,0,,1
444,2023-03-21,91,11,,Tuesday,7,,0
445,2023-03-22,85,33,,Wednesday,9,,1
446,2023-03-23,63,-2,,Thursday,2,,1
447,2023-03-24,72,-8,,Friday,,,0
448,2023-03-25,95,30,,Saturday,0,,0
449,2023-03-26,3,35,,Sunday,,,0
450,2023-03-27,4,34,Sunny,Monday,7,,1
451,2023-03-28,48,8,,Tuesday,7,,0
452,2023-03-29,39,26,,Wednesday,1,,1
453,2023-03-30,23,36,Sunny,Thursday,,,0
454,2023-03-31,68,4,,Friday,0,,0
455,2023-04-01,43,24,Rainy,Saturday,2,,1
456,2023-04-02,35,17,,Sunday,9,,0
457,2023-04-03,13,25,,Monday,6,,1
458,2023-04-04,69,19,,Tuesday,3,,1
459,2023-04-05,56,40,,Wednesday,,,1
460,2023-04-06,82,,,Thursday,,,0
461,2023-04-07,2,24,,Friday,,,1
462,2023-04-08,63,-5,,Saturday,,,0
463,2023-04-09,27,5,,Sunday,,,1
464,2023-04-10,50,14,,Monday,5,,0
465,2023-04-11,96,36,,Tuesday,2,,1
466,2023-04-12,36,30,,Wednesday,,,1
467,2023-04-13,0,4,,Thursday,9,,0
468,2023-04-14,55,4,,Friday,7,,0
469,2023-04-15,2,27,,Saturday,3,,1
470,2023-04-16,9,19,,Sunday,4,,1
471,2023-04-17,18,13,Sunny,Monday,,,1
472,2023-04-18,99,22,,Tuesday,,1,1
473,2023-04-19,85,1,,Wednesday,4,,1
474,2023-04-20,44,32,,Thursday,,,0
475,2023-04-21,57,-7,,Friday,,,0
476,2023-04-22,46,-6,,Saturday,9,,1
477,2023-04-23,8,18,Sunny,Sunday,,,0
478,2023-04-24,25,22,,Monday,,,0
479,2023-04-25,52,35,,Tuesday,5,,1
480,2023-04-26,82,3,,Wednesday,,,0
481,2023-04-27,5,20,,Thursday,10,,1
482,2023-04-28,42,,,Friday,,,1
483,2023-04-29,63,9,,Saturday,3,,0
484,2023-04-30,84,34,,Sunday,10,,0
485,2023-05-01,12,16,,Monday,10,,0
486,2023-05-02,93,32,Sunny,Tuesday,,,1
487,2023-05-03,10,33,,Wednesday,7,,0
488,2023-05-04,96,12,,Thursday,3,,0
489,2023-05-05,69,2,Sunny,Friday,4,,1
490,2023-05-06,0,9,,Saturday,3,,0
491,2023-05-07,61,18,,Sunday,0,,0
492,2023-05-08,2,15,,Monday,9,,1
493,2023-05-09,70,34,,Tuesday,4,,1
494,2023-05-10,67,29,,Wednesday,6,,1
495,2023-05-11,65,40,,Thursday,,,0
496,2023-05-12,64,10,,Friday,,,1
497,2023-05-13,47,39,,Saturday,,,1
498,2023-05-14,88,17,Rainy,Sunday,6,,1
499,2023-05-15,30,-9,,Monday,,,1
500,2023-05-16,10,,,Tuesday,,,1
501,2023-05-17,21,14,,Wednesday,,,1
502,2023-05-18,63,-6,,Thursday,8,,1
503,2023-05-19,62,22,Sunny,Friday,5,,1
504,2023-05-20,83,14,,Saturday,0,1,0
505,2023-05-21,57,34,,Sunday,5,,1
506,2023-05-22,25,24,,Monday,,,1
507,2023-05-23,85,-4,,Tuesday,,,1
508,2023-05-24,38,29,,Wednesday,7,,0
509,2023-05-25,19,2,,Thursday,,,1
510,2023-05-26,66,14,,Friday,,,0
511,2023-05-27,85,38,,Saturday,,,1
512,2023-05-28,83,9,,Sunday,2,,0
513,2023-05-29,20,9,,Monday,,,1
514,2023-05-30,8,-6,,Tuesday,3,,0
515,2023-05-31,33,31,,Wednesday,,,0
516,2023-06-01,4,9,,Thursday,,,1
517,2023-06-02,95,-4,,Friday,1,,1
518,2023-06-03,79,-7,,Saturday,0,,1
519,2023-06-04,95,37,,Sunday,9,,1
520,2023-06-05,80,9,,Monday,7,,0
521,2023-06-06,53,35,,Tuesday,6,,1
522,2023-06-07,65,-9,,Wednesday,4,,0
523,2023-06-08,96,34,,Thursday,,,0
524,2023-06-09,59,17,,Friday,,,0
525,2023-06-10,63,-2,,Saturday,2,,1
526,2023-06-11,77,25,,Sunday,2,,1
527,2023-06-12,96,6,,Monday,,,1
528,2023-06-13,34,-10,,Tuesday,0,,1
529,2023-06-14,93,9,,Wednesday,1,0,1
530,2023-06-15,33,-1,,Thursday,8,,1
531,2023-06-16,46,7,Rainy,Friday,0,,1
532,2023-06-17,2,11,,Saturday,4,,0
533,2023-06-18,41,39,,Sunday,,,1
534,2023-06-19,81,26,Sunny,Monday,4,,1
535,2023-06-20,6,25,Rainy,Tuesday,,,1
536,2023-06-21,92,,,Wednesday,2,,0
537,2023-06-22,44,31,Sunny,Thursday,,,0
538,2023-06-23,91,23,,Friday,,,1
539,2023-06-24,29,26,,Saturday,4,,0
540,2023-06-25,3,23,,Sunday,,,1
541,2023-06-26,5,-1,,Monday,9,,1
542,2023-06-27,81,24,,Tuesday,,,1
543,2023-06-28,45,23,,Wednesday,,,0
544,2023-06-29,18,30,,Thursday,0,,1
545,2023-06-30,48,31,,Friday,,,1
546,2023-07-01,10,5,,Saturday,8,,0
547,2023-07-02,89,17,,Sunday,3,,0
548,2023-07-03,38,30,,Monday,0,,0
549,2023-07-04,34,-3,,Tuesday,,,0
550,2023-07-05,34,29,,Wednesday,,,1
551,2023-07-06,65,-1,Rainy,Thursday,1,,0
552,2023-07-07,1,-9,,Friday,1,,1
553,2023-07-08,25,37,,Saturday,0,,1
554,2023-07-09,61,16,,Sunday,,,0
555,2023-07-10,73,-6,,Monday,9,,0
556,2023-07-11,74,-6,Rainy,Tuesday,,,1
557,2023-07-12,3,-1,,Wednesday,5,,0
558,2023-07-13,4,23,,Thursday,6,,1
559,2023-07-14,83,30,,Friday,,0,0
560,2023-07-15,41,-5,,Saturday,,,0
561,2023-07-16,44,,Sunny,Sunday,,,0
562,2023-07-17,17,13,,Monday,,,0
563,2023-07-18,96,7,Rainy,Tuesday,4,,0
564,2023-07-19,35,21,,Wednesday,4,,1
565,2023-07-20,86,-6,,Thursday,2,,1
566,2023-07-21,24,27,,Friday,,,1
567,2023-07-22,92,37,,Saturday,1,,0
568,2023-07-23,98,34,,Sunday,2,,1
569,2023-07-24,95,27,,Monday,2,,0
570,2023-07-25,24,21,Rainy,Tuesday,,,1
571,2023-07-26,12,19,Rainy,Wednesday,,,1
572,2023-07-27,4,14,,Thursday,,,1
573,2023-07-28,37,17,,Friday,,,0
574,2023-07-29,19,9,,Saturday,10,,1
575,2023-07-30,1,39,Sunny,Sunday,7,,1
576,2023-07-31,56,37,,Monday,,,0
577,2023-08-01,47,,,Tuesday,7,,1
578,2023-08-02,23,28,Sunny,Wednesday,,,0
579,2023-08-03,17,-4,,Thursday,1,,0
580,2023-08-04,26,32,,Friday,2,,1
581,2023-08-05,89,29,,Saturday,5,,1
582,2023-08-06,9,,Sunny,Sunday,10,,0
583,2023-08-07,95,20,,Monday,,,1
584,2023-08-08,71,,,Tuesday,1,,0
585,2023-08-09,4,37,Rainy,Wednesday,,,1
586,2023-08-10,55,37,,Thursday,0,,0
587,2023-08-11,50,-3,,Friday,4,,1
588,2023-08-12,18,-6,,Saturday,3,,0
589,2023-08-13,89,5,,Sunday,,,0
590,2023-08-14,2,20,Rainy,Monday,,,0
591,2023-08-15,32,24,Rainy,Tuesday,,,0
592,2023-08-16,99,19,,Wednesday,,,0
593,2023-08-17,38,-8,,Thursday,0,,0
594,2023-08-18,76,-1,,Friday,8,,1
595,2023-08-19,23,7,Rainy,Saturday,9,,0
596,2023-08-20,50,15,,Sunday,2,,0
597,2023-08-21,99,29,,Monday,9,,0
598,2023-08-22,22,-6,,Tuesday,4,,1
599,2023-08-23,3,,,Wednesday,7,,1
600,2023-08-24,15,-2,,Thursday,10,,1
601,2023-08-25,9,22,,Friday,8,,0
602,2023-08-26,99,29,,Saturday,5,,0
603,2023-08-27,49,18,,Sunday,,,0
604,2023-08-28,4,-2,,Monday,8,,1
605,2023-08-29,42,-7,,Tuesday,10,,1
606,2023-08-30,77,,Rainy,Wednesday,,,1
607,2023-08-31,28,-3,,Thursday,,,0
608,2023-09-01,76,26,,Friday,0,,1
609,2023-09-02,82,30,,Saturday,7,,1
610,2023-09-03,90,30,,Sunday,,,1
611,2023-09-04,24,24,,Monday,,,1
612,2023-09-05,74,-1,,Tuesday,,,1
613,2023-09-06,30,27,Rainy,Wednesday,10,,0
614,2023-09-07,68,-10,,Thursday,4,,1
615,2023-09-08,91,3,Rainy,Friday,,,0
616,2023-09-09,7,-4,,Saturday,2,,0
617,2023-09-10,60,16,,Sunday,4,,1
618,2023-09-11,65,24,,Monday,7,,0
619,2023-09-12,12,4,,Tuesday,4,,0
620,2023-09-13,74,1,Rainy,Wednesday,1,,0
621,2023-09-14,71,-6,Sunny,Thursday,2,,0
622,2023-09-15,2,39,,Friday,,1,0
623,2023-09-16,43,28,,Saturday,8,,0
624,2023-09-17,13,13,Sunny,Sunday,5,,0
625,2023-09-18,17,-8,,Monday,,,1
626,2023-09-19,7,-7,,Tuesday,,,0
627,2023-09-20,38,9,,Wednesday,10,,0
628,2023-09-21,6,12,,Thursday,,,0
629,2023-09-22,69,,,Friday,7,,0
630,2023-09-23,83,-9,,Saturday,0,,0
631,2023-09-24,45,36,,Sunday,,,0
632,2023-09-25,98,-5,,Monday,7,,1
633,2023-09-26,54,12,,Tuesday,0,,1
634,2023-09-27,29,23,,Wednesday,6,,1
635,2023-09-28,79,9,Sunny,Thursday,4,,0
636,2023-09-29,38,5,,Friday,4,,0
637,2023-09-30,69,9,,Saturday,,,1
638,2023-10-01,83,26,Sunny,Sunday,,,1
639,2023-10-02,33,3,Rainy,Monday,,,0
640,2023-10-03,18,,,Tuesday,8,,1
641,2023-10-04,65,-7,Sunny,Wednesday,,,0
642,2023-10-05,32,16,,Thursday,,,1
643,2023-10-06,94,40,,Friday,6,,0
644,2023-10-07,70,13,Rainy,Saturday,10,,0
645,2023-10-08,23,8,,Sunday,1,,0
646,2023-10-09,87,-5,Sunny,Monday,5,,0
647,2023-10-10,74,1,,Tuesday,5,,0
648,2023-10-11,44,24,,Wednesday,,,1
649,2023-10-12,62,22,,Thursday,6,,0
650,2023-10-13,62,18,,Friday,,,0
651,2023-10-14,5,-2,,Saturday,,,0
652,2023-10-15,19,-3,,Sunday,,,0
653,2023-10-16,50,22,,Monday,3,,0
654,2023-10-17,79,20,,Tuesday,,,0
655,2023-10-18,41,-1,,Wednesday,,,0
656,2023-10-19,44,8,,Thursday,,0,0
657,2023-10-20,13,13,,Friday,,,0
658,2023-10-21,21,29,,Saturday,10,,0
659,2023-10-22,88,18,,Sunday,6,,1
660,2023-10-23,11,15,,Monday,,,1
661,2023-10-24,82,,,Tuesday,,,0
662,2023-10-25,31,28,,Wednesday,0,,0
663,2023-10-26,38,9,,Thursday,2,,0
664,2023-10-27,68,37,Rainy,Friday,8,,0
665,2023-10-28,85,40,,Saturday,,,0
666,2023-10-29,8,32,,Sunday,,,1
667,2023-10-30,46,,,Monday,2,,0
668,2023-10-31,39,10,Rainy,Tuesday,,,1
669,2023-11-01,3,9,,Wednesday,0,,0
670,2023-11-02,79,15,,Thursday,,,1
671,2023-11-03,56,30,,Friday,,,0
672,2023-11-04,13,35,,Saturday,,,1
673,2023-11-05,46,13,Sunny,Sunday,4,,0
674,2023-11-06,21,40,,Monday,,,0
675,2023-11-07,8,18,,Tuesday,,,1
676,2023-11-08,51,34,,Wednesday,2,,1
677,2023-11-09,30,35,,Thursday,,,0
678,2023-11-10,37,14,,Friday,6,,0
679,2023-11-11,22,1,,Saturday,2,,1
680,2023-11-12,60,24,,Sunday,10,,0
681,2023-11-13,86,8,,Monday,,,0
682,2023-11-14,99,13,Sunny,Tuesday,0,,1
683,2023-11-15,61,6,,Wednesday,10,,1
684,2023-11-16,66,2,Rainy,Thursday,6,,1
685,2023-11-17,62,-8,Rainy,Friday,7,,0
686,2023-11-18,82,4,,Saturday,,,0
687,2023-11-19,1,-1,,Sunday,2,,1
688,2023-11-20,94,26,,Monday,,,1
689,2023-11-21,38,18,,Tuesday,,,0
690,2023-11-22,0,20,,Wednesday,3,,0
691,2023-11-23,5,-5,,Thursday,7,,0
692,2023-11-24,76,0,,Friday,2,1,0
693,2023-11-25,71,38,Sunny,Saturday,6,,0
694,2023-11-26,17,28,,Sunday,,,1
695,2023-11-27,28,-8,,Monday,,,1
696,2023-11-28,10,19,,Tuesday,,,0
697,2023-11-29,30,-4,,Wednesday,,,1
698,2023-11-30,76,14,,Thursday,8,,0
699,2023-12-01,68,33,,Friday,8,,0
700,2023-12-02,40,13,,Saturday,,,1
701,2023-12-03,33,-8,Sunny,Sunday,1,,1
702,2023-12-04,79,28,,Monday,8,,0
703,2023-12-05,58,3,,Tuesday,,,1
704,2023-12-06,64,3,,Wednesday,,,0
705,2023-12-07,76,-1,,Thursday,3,,0
706,2023-12-08,60,3,,Friday,,,1
707,2023-12-09,66,39,,Saturday,,,1
708,2023-12-10,53,31,,Sunday,8,,1
709,2023-12-11,63,36,,Monday,0,,1
710,2023-12-12,21,0,,Tuesday,,,0
711,2023-12-13,75,6,,Wednesday,8,,0
712,2023-12-14,98,29,,Thursday,,,0
713,2023-12-15,58,23,Rainy,Friday,3,,1
714,2023-12-16,9,10,,Saturday,7,,0
715,2023-12-17,57,32,Rainy,Sunday,7,,1
716,2023-12-18,38,27,,Monday,9,,1
717,2023-12-19,35,-5,,Tuesday,3,,0
718,2023-12-20,90,-6,,Wednesday,6,,1
719,2023-12-21,60,24,,Thursday,1,,0
720,2023-12-22,8,32,,Friday,1,,1
721,2023-12-23,84,4,,Saturday,,,0
722,2023-12-24,5,-10,Rainy,Sunday,,,0
723,2023-12-25,62,17,,Monday,4,0,1
724,2023-12-26,41,-6,,Tuesday,,,0
725,2023-12-27,96,12,Sunny,Wednesday,10,,1
726,2023-12-28,52,,,Thursday,,,1
727,2023-12-29,15,26,,Friday,,,1
728,2023-12-30,27,-8,,Saturday,2,1,1
729,2023-12-31,73,25,,Sunday,,,0
730,2024-01-01,78,18,,Monday,,,0
731,2024-01-02,30,7,,Tuesday,,,1
732,2024-01-03,7,,,Wednesday,10,,1
733,2024-01-04,26,3,,Thursday,,,1
734,2024-01-05,80,-2,,Friday,,,0
735,2024-01-06,65,0,,Saturday,,,1
736,2024-01-07,6,32,Rainy,Sunday,,,1
737,2024-01-08,34,25,,Monday,,,0
738,2024-01-09,71,24,,Tuesday,10,,0
739,2024-01-10,80,36,Rainy,Wednesday,,,0
740,2024-01-11,32,-10,Rainy,Thursday,,,1
741,2024-01-12,50,32,Sunny,Friday,1,,1
742,2024-01-13,98,13,,Saturday,,,1
743,2024-01-14,96,32,,Sunday,6,,0
744,2024-01-15,80,35,,Monday,,,1
745,2024-01-16,1,20,,Tuesday,,,0
746,2024-01-17,22,24,,Wednesday,3,,1
747,2024-01-18,74,6,,Thursday,2,,1
748,2024-01-19,92,33,,Friday,,,0
749,2024-01-20,21,1,,Saturday,,,1
750,2024-01-21,4,32,Rainy,Sunday,6,,1
751,2024-01-22,93,6,,Monday,,,1
752,2024-01-23,84,5,,Tuesday,10,,0
753,2024-01-24,55,-5,,Wednesday,,,0
754,2024-01-25,27,38,,Thursday,2,,0
755,2024-01-26,3,25,Sunny,Friday,3,,0
756,2024-01-27,99,-3,,Saturday,,,0
757,2024-01-28,14,35,,Sunday,5,,0
758,2024-01-29,35,17,,Monday,9,,0
759,2024-01-30,93,23,,Tuesday,9,,0
760,2024-01-31,79,-9,,Wednesday,1,,1
761,2024-02-01,38,24,,Thursday,,,1
762,2024-02-02,33,16,,Friday,8,,1
763,2024-02-03,95,36,,Saturday,,,1
764,2024-02-04,59,24,,Sunday,,,0
765,2024-02-05,53,,,Monday,7,,1
766,2024-02-06,94,18,,Tuesday,,,0
767,2024-02-07,96,-1,Rainy,Wednesday,,,0
768,2024-02-08,34,-7,,Thursday,,,0
769,2024-02-09,1,8,,Friday,,,1
770,2024-02-10,21,2,,Saturday,10,,1
771,2024-02-11,64,27,,Sunday,,,0
772,2024-02-12,95,11,Rainy,Monday,,,1
773,2024-02-13,78,-9,,Tuesday,,,1
774,2024-02-14,12,25,Rainy,Wednesday,8,,0
775,2024-02-15,39,5,,Thursday,2,,0
776,2024-02-16,12,38,,Friday,,,0
777,2024-02-17,35,27,,Saturday,,,1
778,2024-02-18,77,5,,Sunday,2,,0
779,2024-02-19,80,3,,Monday,0,,1
780,2024-02-20,22,1,,Tuesday,,,1
781,2024-02-21,12,7,Rainy,Wednesday,,,1
782,2024-02-22,46,33,,Thursday,7,,1
783,2024-02-23,92,7,,Friday,7,,1
784,2024-02-24,71,33,,Saturday,,,0
785,2024-02-25,59,35,,Sunday,10,,1
786,2024-02-26,94,-1,,Monday,,,1
787,2024-02-27,19,,,Tuesday,,,1
788,2024-02-28,74,34,,Wednesday,0,,1
789,2024-02-29,29,16,,Thursday,,,1
790,2024-03-01,35,16,,Friday,,,0
791,2024-03-02,72,,,Saturday,,,1
792,2024-03-03,72,27,Sunny,Sunday,2,,1
793,2024-03-04,19,28,,Monday,,,0
794,2024-03-05,27,13,,Tuesday,10,,0
795,2024-03-06,48,34,Sunny,Wednesday,,,1
796,2024-03-07,45,9,,Thursday,,,0
797,2024-03-08,14,28,,Friday,,,0
798,2024-03-09,26,9,,Saturday,,,0
799,2024-03-10,20,11,Sunny,Sunday,,,1
800,2024-03-11,12,18,,Monday,3,,0
801,2024-03-12,33,-6,,Tuesday,8,,1
802,2024-03-13,2,16,,Wednesday,6,,1
803,2024-03-14,98,20,,Thursday,10,,0
804,2024-03-15,8,-10,,Friday,,,0
805,2024-03-16,48,-4,,Saturday,,,1
806,2024-03-17,7,-3,,Sunday,10,,1
807,2024-03-18,56,37,Rainy,Monday,,,0
808,2024-03-19,94,21,,Tuesday,10,,1
809,2024-03-20,99,4,,Wednesday,,,1
810,2024-03-21,74,32,,Thursday,7,,1
811,2024-03-22,37,,Sunny,Friday,5,,1
812,2024-03-23,78,-4,Rainy,Saturday,,,0
813,2024-03-24,49,28,,Sunday,,,1
814,2024-03-25,80,-1,,Monday,1,,1
815,2024-03-26,11,22,,Tuesday,9,,0
816,2024-03-27,53,24,,Wednesday,2,,0
817,2024-03-28,59,,,Thursday,4,,0
818,2024-03-29,94,39,,Friday,7,,0
819,2024-03-30,69,3,,Saturday,7,,1
820,2024-03-31,55,14,,Sunday,1,,1
821,2024-04-01,77,2,,Monday,2,,1
822,2024-04-02,58,22,,Tuesday,9,,1
823,2024-04-03,93,-8,,Wednesday,,,0
824,2024-04-04,49,1,,Thursday,,,1
825,2024-04-05,9,5,,Friday,,,0
826,2024-04-06,18,-4,,Saturday,,,1
827,2024-04-07,64,-3,,Sunday,5,,1
828,2024-04-08,33,7,,Monday,1,,1
829,2024-04-09,18,,,Tuesday,,,1
830,2024-04-10,82,32,,Wednesday,7,,1
831,2024-04-11,62,35,,Thursday,9,,0
832,2024-04-12,28,-3,Sunny,Friday,3,,1
833,2024-04-13,65,32,Sunny,Saturday,,,0
834,2024-04-14,90,14,,Sunday,0,,0
835,2024-04-15,86,-6,,Monday,5,,0
836,2024-04-16,60,27,,Tuesday,,,1
837,2024-04-17,17,38,Sunny,Wednesday,,,0
838,2024-04-18,69,21,Sunny,Thursday,,,0
839,2024-04-19,75,26,Rainy,Friday,,,0
840,2024-04-20,1,-7,,Saturday,7,,0
841,2024-04-21,51,25,,Sunday,3,,0
842,2024-04-22,68,34,,Monday,2,,0
843,2024-04-23,13,15,,Tuesday,,,0
844,2024-04-24,73,39,,Wednesday,,,1
845,2024-04-25,11,-4,,Thursday,,,0
846,2024-04-26,57,22,Rainy,Friday,7,,1
847,2024-04-27,44,9,,Saturday,,,0
848,2024-04-28,88,35,Rainy,Sunday,10,,1
849,2024-04-29,14,24,,Monday,,,0
850,2024-04-30,98,-9,,Tuesday,,,0
851,2024-05-01,38,-1,,Wednesday,5,,0
852,2024-05-02,73,17,,Thursday,,,1
853,2024-05-03,83,-6,,Friday,8,,0
854,2024-05-04,44,25,,Saturday,,,0
855,2024-05-05,68,15,Rainy,Sunday,3,,0
856,2024-05-06,86,-10,,Monday,,,1
857,2024-05-07,96,38,Sunny,Tuesday,5,,1
858,2024-05-08,69,20,,Wednesday,3,,1
859,2024-05-09,6,5,,Thursday,5,,1
860,2024-05-10,10,-8,,Friday,,,1
861,2024-05-11,17,2,,Saturday,,,1
862,2024-05-12,98,,,Sunday,,,1
863,2024-05-13,56,0,,Monday,,,1
864,2024-05-14,20,-2,,Tuesday,1,,1
865,2024-05-15,50,33,,Wednesday,1,,0
866,2024-05-16,94,-8,,Thursday,4,,1
867,2024-05-17,32,-10,,Friday,7,,0
868,2024-05-18,71,,,Saturday,1,,1
869,2024-05-19,75,24,,Sunday,6,,1
870,2024-05-20,44,2,,Monday,9,,0
871,2024-05-21,40,,,Tuesday,1,,0
872,2024-05-22,10,32,,Wednesday,9,,0
873,2024-05-23,73,24,,Thursday,,,1
874,2024-05-24,77,17,,Friday,,,1
875,2024-05-25,97,4,Sunny,Saturday,6,,0
876,2024-05-26,41,34,,Sunday,,,1
877,2024-05-27,66,9,,Monday,9,,0
878,2024-05-28,74,30,,Tuesday,4,,1
879,2024-05-29,40,10,Sunny,Wednesday,,,1
880,2024-05-30,11,26,,Thursday,5,1,1
881,2024-05-31,27,25,,Friday,,,0
882,2024-06-01,63,-10,,Saturday,5,,1
883,2024-06-02,12,0,,Sunday,0,,1
884,2024-06-03,66,-10,,Monday,1,,1
885,2024-06-04,52,22,,Tuesday,2,,0
886,2024-06-05,85,6,,Wednesday,,,1
887,2024-06-06,17,18,Sunny,Thursday,9,,1
888,2024-06-07,32,20,,Friday,,,0
889,2024-06-08,57,21,,Saturday,,,0
890,2024-06-09,75,-8,,Sunday,8,,0
891,2024-06-10,70,37,,Monday,7,,0
892,2024-06-11,3,13,,Tuesday,,,1
893,2024-06-12,14,10,,Wednesday,5,,0
894,2024-06-13,79,-9,,Thursday,9,,0
895,2024-06-14,76,25,,Friday,,,1
896,2024-06-15,93,-10,,Saturday,,,0
897,2024-06-16,8,-3,,Sunday,,,0
898,2024-06-17,88,31,,Monday,7,,0
899,2024-06-18,78,10,,Tuesday,,,0
900,2024-06-19,64,-10,Sunny,Wednesday,8,,0
901,2024-06-20,95,7,,Thursday,,,1
902,2024-06-21,14,33,,Friday,7,,0
903,2024-06-22,74,-9,,Saturday,6,,0
904,2024-06-23,94,,,Sunday,,,1
905,2024-06-24,31,31,,Monday,4,,1
906,2024-06-25,91,29,,Tuesday,2,,1
907,2024-06-26,88,-6,,Wednesday,1,,0
908,2024-06-27,33,-4,,Thursday,,,1
909,2024-06-28,63,17,,Friday,,,1
910,2024-06-29,98,-5,,Saturday,,,1
911,2024-06-30,59,26,,Sunday,0,,0
912,2024-07-01,26,38,,Monday,,,0
913,2024-07-02,70,16,,Tuesday,10,,1
914,2024-07-03,64,37,,Wednesday,0,,1
915,2024-07-04,14,18,,Thursday,9,,1
916,2024-07-05,21,12,,Friday,,,0
917,2024-07-06,53,7,,Saturday,,,0
918,2024-07-07,0,2,Sunny,Sunday,,,0
919,2024-07-08,6,2,,Monday,6,,0
920,2024-07-09,92,6,,Tuesday,4,,1
921,2024-07-10,9,17,,Wednesday,6,,0
922,2024-07-11,10,18,,Thursday,,,1
923,2024-07-12,34,1,,Friday,7,,0
924,2024-07-13,24,-4,,Saturday,,,0
925,2024-07-14,58,,,Sunday,10,,0
926,2024-07-15,57,11,,Monday,10,,0
927,2024-07-16,47,33,,Tuesday,,,0
928,2024-07-17,50,-6,Rainy,Wednesday,,,0
929,2024-07-18,91,8,,Thursday,,,1
930,2024-07-19,96,-1,,Friday,3,,1
931,2024-07-20,49,40,,Saturday,,,0
932,2024-07-21,91,28,,Sunday,,,1
933,2024-07-22,80,-7,Sunny,Monday,2,,0
934,2024-07-23,84,15,,Tuesday,9,,1
935,2024-07-24,4,3,,Wednesday,,,0
936,2024-07-25,4,30,,Thursday,3,,0
937,2024-07-26,71,3,,Friday,,,0
938,2024-07-27,31,9,,Saturday,,,1
939,2024-07-28,64,,,Sunday,,,0
940,2024-07-29,56,36,Rainy,Monday,7,,0
941,2024-07-30,87,32,Rainy,Tuesday,,,1
942,2024-07-31,65,23,,Wednesday,9,,0
943,2024-08-01,44,-10,Rainy,Thursday,,,0
944,2024-08-02,20,23,,Friday,,,0
945,2024-08-03,37,34,,Saturday,3,,0
946,2024-08-04,69,7,,Sunday,,,0
947,2024-08-05,81,40,,Monday,3,,1
948,2024-08-06,36,21,Sunny,Tuesday,4,,0
949,2024-08-07,72,39,,Wednesday,8,,0
950,2024-08-08,91,24,Rainy,Thursday,,,0
951,2024-08-09,11,9,,Friday,,,0
952,2024-08-10,22,32,,Saturday,8,,0
953,2024-08-11,92,34,,Sunday,,,1
954,2024-08-12,5,,Sunny,Monday,3,,0
955,2024-08-13,93,20,,Tuesday,7,,1
956,2024-08-14,89,3,,Wednesday,,,0
957,2024-08-15,35,18,Rainy,Thursday,,,0
958,2024-08-16,44,8,,Friday,,,0
959,2024-08-17,21,26,,Saturday,6,,1
960,2024-08-18,84,17,,Sunday,,,0
961,2024-08-19,49,-7,,Monday,1,,0
962,2024-08-20,34,35,,Tuesday,10,,1
963,2024-08-21,48,29,,Wednesday,,,0
964,2024-08-22,3,14,,Thursday,,,0
965,2024-08-23,73,-1,Rainy,Friday,,,0
966,2024-08-24,11,7,,Saturday,7,,1
967,2024-08-25,39,1,,Sunday,2,,1
968,2024-08-26,44,28,,Monday,3,,0
969,2024-08-27,83,-2,,Tuesday,8,,1
970,2024-08-28,86,-6,Rainy,Wednesday,,,1
971,2024-08-29,16,26,,Thursday,6,,0
972,2024-08-30,51,22,,Friday,,,1
973,2024-08-31,47,1,,Saturday,10,,0
974,2024-09-01,35,-5,,Sunday,8,,1
975,2024-09-02,63,8,,Monday,5,,0
976,2024-09-03,55,21,,Tuesday,9,,0
977,2024-09-04,41,,,Wednesday,5,,0
978,2024-09-05,98,-4,,Thursday,,,1
979,2024-09-06,59,32,,Friday,2,,1
980,2024-09-07,71,-10,,Saturday,6,,1
981,2024-09-08,47,27,Rainy,Sunday,,,1
982,2024-09-09,90,37,,Monday,,,0
983,2024-09-10,2,24,Rainy,Tuesday,,,1
984,2024-09-11,86,14,,Wednesday,,,0
985,2024-09-12,48,30,,Thursday,,,1
986,2024-09-13,50,11,,Friday,,,1
987,2024-09-14,99,16,,Saturday,6,,1
988,2024-09-15,38,2,,Sunday,4,,0
989,2024-09-16,9,13,,Monday,,,1
990,2024-09-17,45,-8,,Tuesday,,,0
991,2024-09-18,88,12,Rainy,Wednesday,,,0
992,2024-09-19,11,,,Thursday,6,,1
993,2024-09-20,26,0,,Friday,,,1
994,2024-09-21,86,18,,Saturday,,,1
995,2024-09-22,89,-6,,Sunday,6,,0
996,2024-09-23,17,-4,,Monday,2,,0
997,2024-09-24,64,5,,Tuesday,,,0
998,2024-09-25,94,37,,Wednesday,1,,0
999,2024-09-26,99,24,,Thursday,2,,1
1000,2022-01-01,24,30,,Saturday,,,1
1001,2022-01-02,38,,,Sunday,,,0
1002,2022-01-03,98,1,Sunny,Monday,2,,1
1003,2022-01-04,16,35,Sunny,Tuesday,,,0
1004,2022-01-05,0,-9,,Wednesday,4,1,1
1005,2022-01-06,35,-5,,Thursday,,,1
1006,2022-01-07,95,40,Rainy,Friday,,,0
1007,2022-01-08,74,,Rainy,Saturday,7,,0
1008,2022-01-09,76,18,,Sunday,,,0
1009,2022-01-10,29,4,,Monday,,,1
1010,2022-01-11,17,0,,Tuesday,3,,1
1011,2022-01-12,9,20,,Wednesday,,,1
1012,2022-01-13,20,27,Sunny,Thursday,3,,0
1013,2022-01-14,41,38,,Friday,,,1
1014,2022-01-15,84,-2,,Saturday,4,,1
1015,2022-01-16,71,40,,Sunday,,,1
1016,2022-01-17,94,3,,Monday,,,0
1017,2022-01-18,25,40,,Tuesday,,,0
1018,2022-01-19,60,36,,Wednesday,,,0
1019,2022-01-20,12,33,,Thursday,5,,1
1020,2022-01-21,25,-4,,Friday,,,1
1021,2022-01-22,12,29,,Saturday,7,,1
1022,2022-01-23,10,25,,Sunday,4,,1
1023,2022-01-24,39,38,,Monday,5,,1
1024,2022-01-25,69,,,Tuesday,6,,0
1025,2022-01-26,19,29,,Wednesday,6,,0
1026,2022-01-27,42,,,Thursday,,0,0
1027,2022-01-28,12,,,Friday,9,,0
1028,2022-01-29,6,-2,Sunny,Saturday,7,,1
1029,2022-01-30,96,-10,,Sunday,,,1
1030,2022-01-31,5,-3,Sunny,Monday,,,1
1031,2022-02-01,76,25,,Tuesday,,,1
1032,2022-02-02,21,2,,Wednesday,,,0
1033,2022-02-03,92,31,,Thursday,,,1
1034,2022-02-04,97,-4,,Friday,,,1
1035,2022-02-05,29,-9,,Saturday,8,1,0
1036,2022-02-06,69,0,,Sunday,,,1
1037,2022-02-07,4,-5,,Monday,,,1
1038,2022-02-08,2,19,,Tuesday,1,,1
1039,2022-02-09,89,21,,Wednesday,,,0
1040,2022-02-10,47,21,,Thursday,2,,1
1041,2022-02-11,8,1,,Friday,,,1
1042,2022-02-12,1,20,,Saturday,,,0
1043,2022-02-13,16,-4,,Sunday,,,0
1044,2022-02-14,23,14,,Monday,2,,1
1045,2022-02-15,79,10,,Tuesday,,,1
1046,2022-02-16,70,39,,Wednesday,7,,1
1047,2022-02-17,5,-7,,Thursday,,,1
1048,2022-02-18,67,38,,Friday,,,1
1049,2022-02-19,4,29,,Saturday,0,,1
1050,2022-02-20,82,11,,Sunday,,,1
1051,2022-02-21,97,10,,Monday,1,,1
1052,2022-02-22,18,8,,Tuesday,0,,0
1053,2022-02-23,82,5,Rainy,Wednesday,,,1
1054,2022-02-24,98,-3,,Thursday,3,,0
1055,2022-02-25,61,19,,Friday,,,1
1056,2022-02-26,39,,,Saturday,,,1
1057,2022-02-27,86,36,,Sunday,,,1
1058,2022-02-28,99,,,Monday,8,,0
1059,2022-03-01,33,8,,Tuesday,,,1
1060,2022-03-02,32,3,,Wednesday,,,1
1061,2022-03-03,80,39,,Thursday,7,,1
1062,2022-03-04,92,24,,Friday,,,1
1063,2022-03-05,43,16,,Saturday,1,,1
1064,2022-03-06,70,8,,Sunday,,,0
1065,2022-03-07,93,,,Monday,,,1
1066,2022-03-08,86,13,,Tuesday,,,0
1067,2022-03-09,81,8,,Wednesday,,,1
1068,2022-03-10,25,21,,Thursday,10,,0
1069,2022-03-11,96,-7,,Friday,,,0
1070,2022-03-12,27,-4,,Saturday,,0,0
1071,2022-03-13,95,9,Rainy,Sunday,,,0
1072,2022-03-14,39,-4,,Monday,,,0
1073,2022-03-15,62,37,Sunny,Tuesday,1,,0
1074,2022-03-16,50,29,Rainy,Wednesday,0,1,1
1075,2022-03-17,53,-4,,Thursday,,,0
1076,2022-03-18,57,-9,,Friday,3,,0
1077,2022-03-19,25,40,,Saturday,,,1
1078,2022-03-20,32,17,,Sunday,,,1
1079,2022-03-21,86,-1,,Monday,8,,1
1080,2022-03-22,62,,,Tuesday,8,,0
1081,2022-03-23,71,-9,,Wednesday,3,,0
1082,2022-03-24,54,24,,Thursday,,,0
1083,2022-03-25,40,1,,Friday,10,,0
1084,2022-03-26,20,8,,Saturday,3,,0
1085,2022-03-27,43,25,,Sunday,6,,0
1086,2022-03-28,4,22,,Monday,0,,0
1087,2022-03-29,96,35,,Tuesday,,,1
1088,2022-03-30,67,35,,Wednesday,0,,1
1089,2022-03-31,15,33,Sunny,Thursday,5,,1
1090,2022-04-01,54,34,Sunny,Friday,3,,0
1091,2022-04-02,4,-10,,Saturday,,,1
1092,2022-04-03,53,38,,Sunday,1,,0
1093,2022-04-04,11,,,Monday,10,,1
1094,2022-04-05,70,28,,Tuesday,,,1
1095,2022-04-06,52,35,,Wednesday,,,0
1096,2022-04-07,63,1,,Thursday,,,1
1097,2022-04-08,41,39,,Friday,6,,0
1098,2022-04-09,67,19,,Saturday,4,,0
1099,2022-04-10,35,-2,Sunny,Sunday,9,,1
1100,2022-04-11,52,25,,Monday,,,0
1101,2022-04-12,1,9,,Tuesday,,,0
1102,2022-04-13,16,36,,Wednesday,,1,0
1103,2022-04-14,63,24,Rainy,Thursday,7,,0
1104,2022-04-15,24,2,Sunny,Friday,6,,0
1105,2022-04-16,61,31,,Saturday,,,1
1106,2022-04-17,60,20,,Sunday,,,0
1107,2022-04-18,32,30,,Monday,,,1
1108,2022-04-19,89,11,,Tuesday,,,1
1109,2022-04-20,99,30,Sunny,Wednesday,,,1
1110,2022-04-21,41,-7,,Thursday,0,,0
1111,2022-04-22,15,22,Rainy,Friday,,,1
1112,2022-04-23,66,8,,Saturday,,,0
1113,2022-04-24,29,-6,,Sunday,,,0
1114,2022-04-25,94,-2,,Monday,2,,1
1115,2022-04-26,13,20,,Tuesday,,,1
1116,2022-04-27,97,12,Sunny,Wednesday,2,0,0
1117,2022-04-28,80,35,,Thursday,,,1
1118,2022-04-29,16,31,,Friday,,,1
1119,2022-04-30,51,,,Saturday,,,1
1120,2022-05-01,76,40,,Sunday,4,,1
1121,2022-05-02,89,12,,Monday,3,,1
1122,2022-05-03,51,6,,Tuesday,2,,1
1123,2022-05-04,50,34,,Wednesday,10,,1
1124,2022-05-05,36,17,,Thursday,,1,0
1125,2022-05-06,40,25,,Friday,4,,0
1126,2022-05-07,9,-3,,Saturday,,,0
1127,2022-05-08,5,32,,Sunday,,,0
1128,2022-05-09,97,4,,Monday,,,1
1129,2022-05-10,66,1,,Tuesday,6,,0
1130,2022-05-11,50,18,Rainy,Wednesday,,,0
1131,2022-05-12,93,40,,Thursday,,,0
1132,2022-05-13,2,36,,Friday,,1,0
1133,2022-05-14,97,18,,Saturday,,,1
1134,2022-05-15,94,19,Rainy,Sunday,8,,1
1135,2022-05-16,35,27,,Monday,,,0
1136,2022-05-17,66,11,,Tuesday,,,1
1137,2022-05-18,37,-6,,Wednesday,8,,1
1138,2022-05-19,98,3,,Thursday,,,1
1139,2022-05-20,31,10,,Friday,,,0
1140,2022-05-21,27,20,,Saturday,,,0
1141,2022-05-22,57,,Sunny,Sunday,,,0
1142,2022-05-23,69,2,Rainy,Monday,,,1
1143,2022-05-24,70,-7,,Tuesday,10,,0
1144,2022-05-25,93,14,Sunny,Wednesday,0,,0
1145,2022-05-26,93,16,,Thursday,9,,1
1146,2022-05-27,16,20,,Friday,3,,1
1147,2022-05-28,85,10,Rainy,Saturday,1,,1
1148,2022-05-29,70,32,,Sunday,,,1
1149,2022-05-30,81,34,,Monday,,,1
1150,2022-05-31,28,-3,,Tuesday,,,0
1151,2022-06-01,83,,,Wednesday,,,1
1152,2022-06-02,86,31,,Thursday,,,0
1153,2022-06-03,85,-10,,Friday,0,,0
1154,2022-06-04,28,33,,Saturday,3,,1
1155,2022-06-05,6,30,Sunny,Sunday,,,0
1156,2022-06-06,84,-9,Rainy,Monday,5,,0
1157,2022-06-07,18,-10,,Tuesday,2,,1
1158,2022-06-08,84,40,,Wednesday,9,,1
1159,2022-06-09,61,13,Sunny,Thursday,,,1
1160,2022-06-10,88,34,,Friday,8,,1
1161,2022-06-11,45,6,,Saturday,,,1
1162,2022-06-12,63,-3,,Sunday,1,,0
1163,2022-06-13,24,33,,Monday,7,,0
1164,2022-06-14,34,-5,,Tuesday,4,,0
1165,2022-06-15,99,13,,Wednesday,,,1
1166,2022-06-16,48,26,,Thursday,9,,0
1167,2022-06-17,4,34,Sunny,Friday,,,0
1168,2022-06-18,92,7,,Saturday,,,0
1169,2022-06-19,59,15,Rainy,Sunday,7,,0
1170,2022-06-20,18,38,Sunny,Monday,3,,0
1171,2022-06-21,67,-4,,Tuesday,0,,1
1172,2022-06-22,30,17,,Wednesday,1,,1
1173,2022-06-23,52,-2,,Thursday,,,1
1174,2022-06-24,34,0,,Friday,2,,0
1175,2022-06-25,54,25,,Saturday,,,0
1176,2022-06-26,60,-4,,Sunday,,,1
1177,2022-06-27,57,-1,,Monday,,,0
1178,2022-06-28,8,-1,,Tuesday,,,0
1179,2022-06-29,76,25,Sunny,Wednesday,,,1
1180,2022-06-30,20,3,,Thursday,10,,1
1181,2022-07-01,64,20,,Friday,,,0
1182,2022-07-02,34,-10,,Saturday,8,,0
1183,2022-07-03,70,5,,Sunday,1,,1
1184,2022-07-04,80,18,,Monday,7,,0
1185,2022-07-05,2,10,,Tuesday,8,,0
1186,2022-07-06,14,,,Wednesday,4,,1
1187,2022-07-07,33,-9,,Thursday,2,,0
1188,2022-07-08,44,4,,Friday,,,0
1189,2022-07-09,27,-3,,Saturday,,,1
1190,2022-07-10,77,25,,Sunday,,,0
1191,2022-07-11,23,20,Rainy,Monday,7,,1
1192,2022-07-12,16,31,,Tuesday,,,0
1193,2022-07-13,60,16,,Wednesday,10,,1
1194,2022-07-14,83,31,,Thursday,3,,1
1195,2022-07-15,49,5,Sunny,Friday,,,1
1196,2022-07-16,27,,,Saturday,0,,0
1197,2022-07-17,98,13,,Sunday,,,1
1198,2022-07-18,85,,,Monday,4,,1
1199,2022-07-19,72,33,,Tuesday,2,,0
1200,2022-07-20,97,39,,Wednesday,,,1
1201,2022-07-21,93,-10,,Thursday,,,1
1202,2022-07-22,10,-10,,Friday,7,,0
1203,2022-07-23,15,-3,,Saturday,4,,1
1204,2022-07-24,46,21,,Sunday,,,1
1205,2022-07-25,41,-1,,Monday,8,,1
1206,2022-07-26,43,33,,Tuesday,6,,0
1207,2022-07-27,34,9,,Wednesday,4,,1
1208,2022-07-28,48,2,,Thursday,,,0
1209,2022-07-29,84,-9,,Friday,,,0
1210,2022-07-30,27,37,,Saturday,,,1
1211,2022-07-31,50,19,,Sunday,10,,0
1212,2022-08-01,60,6,Sunny,Monday,,,1
1213,2022-08-02,29,34,Rainy,Tuesday,,,1
1214,2022-08-03,77,23,,Wednesday,6,,1
1215,2022-08-04,66,,,Thursday,6,,1
1216,2022-08-05,45,11,,Friday,0,,1
1217,2022-08-06,87,19,,Saturday,1,,1
1218,2022-08-07,53,14,Sunny,Sunday,,,0
1219,2022-08-08,98,17,,Monday,,,0
1220,2022-08-09,6,18,,Tuesday,,,0
1221,2022-08-10,65,39,Sunny,Wednesday,,,1
1222,2022-08-11,44,3,Rainy,Thursday,10,,1
1223,2022-08-12,68,37,Sunny,Friday,,,0
1224,2022-08-13,31,8,Rainy,Saturday,,,1
1225,2022-08-14,55,30,Sunny,Sunday,7,,0
1226,2022-08-15,95,23,,Monday,7,0,1
1227,2022-08-16,53,,,Tuesday,,,1
1228,2022-08-17,88,12,,Wednesday,,,0
1229,2022-08-18,37,18,,Thursday,,,1
1230,2022-08-19,67,34,,Friday,9,,0
1231,2022-08-20,9,27,,Saturday,,,1
1232,2022-08-21,39,33,,Sunday,2,,0
1233,2022-08-22,42,,,Monday,,,1
1234,2022-08-23,90,24,,Tuesday,,,0
1235,2022-08-24,7,37,,Wednesday,,,1
1236,2022-08-25,59,-2,,Thursday,,,1
1237,2022-08-26,44,23,,Friday,,,1
1238,2022-08-27,53,,,Saturday,5,,0
1239,2022-08-28,68,9,,Sunday,5,,1
1240,2022-08-29,17,,,Monday,0,,1
1241,2022-08-30,53,9,,Tuesday,,,1
1242,2022-08-31,2,-8,,Wednesday,8,,1
1243,2022-09-01,44,3,,Thursday,1,,1
1244,2022-09-02,7,12,,Friday,,,0
1245,2022-09-03,93,-9,Sunny,Saturday,,,0
1246,2022-09-04,66,16,,Sunday,,,0
1247,2022-09-05,26,8,,Monday,1,,0
1248,2022-09-06,17,-10,,Tuesday,,,1
1249,2022-09-07,20,30,,Wednesday,4,,0
1250,2022-09-08,90,-5,,Thursday,,,1
1251,2022-09-09,26,35,,Friday,,,0
1252,2022-09-10,96,21,,Saturday,1,,1
1253,2022-09-11,5,30,Sunny,Sunday,6,,1
1254,2022-09-12,99,15,,Monday,,,0
1255,2022-09-13,11,0,Sunny,Tuesday,,,0
1256,2022-09-14,52,17,,Wednesday,0,,1
1257,2022-09-15,74,8,Rainy,Thursday,2,,1
1258,2022-09-16,38,39,,Friday,,,0
1259,2022-09-17,29,24,,Saturday,,,0
1260,2022-09-18,45,18,,Sunday,,,0
1261,2022-09-19,23,20,,Monday,10,,0
1262,2022-09-20,11,1,,Tuesday,5,,1
1263,2022-09-21,25,11,,Wednesday,,,1
1264,2022-09-22,24,36,,Thursday,,,0
1265,2022-09-23,55,18,,Friday,6,,0
1266,2022-09-24,48,15,,Saturday,,,0
1267,2022-09-25,89,,,Sunday,,,0
1268,2022-09-26,46,39,,Monday,,,1
1269,2022-09-27,23,10,Rainy,Tuesday,,,0
1270,2022-09-28,76,22,,Wednesday,,,0
1271,2022-09-29,79,-7,,Thursday,3,,1
1272,2022-09-30,70,40,,Friday,,,1
1273,2022-10-01,57,28,,Saturday,,,0
1274,2022-10-02,69,10,,Sunday,,,1
1275,2022-10-03,32,10,,Monday,0,,1
1276,2022-10-04,20,14,,Tuesday,,,0
1277,2022-10-05,99,35,,Wednesday,4,,1
1278,2022-10-06,26,20,,Thursday,6,,1
1279,2022-10-07,83,26,,Friday,9,,1
1280,2022-10-08,91,9,Rainy,Saturday,,,0
1281,2022-10-09,90,11,,Sunday,,,1
1282,2022-10-10,41,7,,Monday,,,0
1283,2022-10-11,27,38,,Tuesday,,,1
1284,2022-10-12,26,-4,,Wednesday,2,,1
1285,2022-10-13,12,20,,Thursday,,,0
1286,2022-10-14,86,-5,,Friday,10,,0
1287,2022-10-15,67,8,,Saturday,,,0
1288,2022-10-16,23,20,Rainy,Sunday,5,,1
1289,2022-10-17,46,23,,Monday,3,,1
1290,2022-10-18,68,2,,Tuesday,7,,1
1291,2022-10-19,31,26,,Wednesday,,,1
1292,2022-10-20,28,26,Sunny,Thursday,1,,0
1293,2022-10-21,71,20,,Friday,8,,1
1294,2022-10-22,0,34,,Saturday,,,0
1295,2022-10-23,40,,,Sunday,0,,1
1296,2022-10-24,30,7,,Monday,0,,1
1297,2022-10-25,30,30,,Tuesday,8,,0
1298,2022-10-26,88,-6,Sunny,Wednesday,10,,1
1299,2022-10-27,64,-1,Rainy,Thursday,6,,1
1300,2022-10-28,29,33,,Friday,10,,1
1301,2022-10-29,4,35,,Saturday,,,1
1302,2022-10-30,36,-4,Rainy,Sunday,,,1
1303,2022-10-31,12,,,Monday,1,,0
1304,2022-11-01,7,24,,Tuesday,,,0
1305,2022-11-02,61,40,Rainy,Wednesday,,,0
1306,2022-11-03,94,31,,Thursday,5,,0
1307,2022-11-04,61,4,,Friday,8,,1
1308,2022-11-05,26,,,Saturday,2,,0
1309,2022-11-06,7,24,,Sunday,,,0
1310,2022-11-07,88,37,,Monday,1,,1
1311,2022-11-08,37,24,,Tuesday,6,,1
1312,2022-11-09,86,,,Wednesday,,,0
1313,2022-11-10,40,31,,Thursday,,,1
1314,2022-11-11,19,-6,,Friday,,,0
1315,2022-11-12,42,8,,Saturday,3,,0
1316,2022-11-13,76,19,,Sunday,,,1
1317,2022-11-14,33,21,,Monday,9,,0
1318,2022-11-15,85,14,,Tuesday,4,,0
1319,2022-11-16,16,-8,,Wednesday,,,0
1320,2022-11-17,98,6,,Thursday,,,0
1321,2022-11-18,63,-3,,Friday,,,0
1322,2022-11-19,44,29,,Saturday,,,0
1323,2022-11-20,98,13,Rainy,Sunday,0,,0
1324,2022-11-21,78,2,,Monday,3,0,1
1325,2022-11-22,96,23,Sunny,Tuesday,2,,0
1326,2022-11-23,34,,Rainy,Wednesday,9,,0
1327,2022-11-24,32,10,,Thursday,,,0
1328,2022-11-25,0,-7,Rainy,Friday,,,1
1329,2022-11-26,81,27,,Saturday,2,,0
1330,2022-11-27,52,26,Rainy,Sunday,,,1
1331,2022-11-28,87,8,,Monday,1,,1
1332,2022-11-29,69,19,,Tuesday,6,,1
1333,2022-11-30,72,12,,Wednesday,,,0
1334,2022-12-01,36,,,Thursday,0,,0
1335,2022-12-02,62,-2,,Friday,,,1
1336,2022-12-03,57,28,,Saturday,,,0
1337,2022-12-04,25,2,Rainy,Sunday,,,1
1338,2022-12-05,68,0,,Monday,0,,0
1339,2022-12-06,6,-4,,Tuesday,0,,0
1340,2022-12-07,66,4,,Wednesday,,,1
1341,2022-12-08,16,-6,,Thursday,9,,0
1342,2022-12-09,90,37,,Friday,,1,1
1343,2022-12-10,67,,,Saturday,4,,0
1344,2022-12-11,13,-6,,Sunday,10,,1
1345,2022-12-12,61,37,,Monday,6,,1
1346,2022-12-13,29,21,,Tuesday,6,,1
1347,2022-12-14,27,31,,Wednesday,,,1
1348,2022-12-15,75,10,,Thursday,9,,0
1349,2022-12-16,96,21,,Friday,4,,1
1350,2022-12-17,1,38,,Saturday,,,0
1351,2022-12-18,41,18,,Sunday,2,,0
1352,2022-12-19,8,29,,Monday,,,0
1353,2022-12-20,38,2,Sunny,Tuesday,8,,0
1354,2022-12-21,62,32,,Wednesday,,,0
1355,2022-12-22,32,10,,Thursday,,,1
1356,2022-12-23,3,-9,,Friday,,,0
1357,2022-12-24,81,16,,Saturday,,,1
1358,2022-12-25,78,,Rainy,Sunday,,,0
1359,2022-12-26,16,14,,Monday,1,,0
1360,2022-12-27,53,8,Sunny,Tuesday,,,0
1361,2022-12-28,41,-4,Rainy,Wednesday,,,0
1362,2022-12-29,65,8,,Thursday,,,1
1363,2022-12-30,98,10,,Friday,8,,0
1364,2022-12-31,89,2,,Saturday,4,,0
1365,2023-01-01,69,24,Sunny,Sunday,10,,1
1366,2023-01-02,84,-7,,Monday,2,,1
1367,2023-01-03,21,-2,,Tuesday,7,,1
1368,2023-01-04,46,31,,Wednesday,1,,1
1369,2023-01-05,91,6,,Thursday,,,0
1370,2023-01-06,85,7,Rainy,Friday,5,,0
1371,2023-01-07,1,28,Sunny,Saturday,,,1
1372,2023-01-08,41,9,,Sunday,5,,1
1373,2023-01-09,36,-3,,Monday,0,,0
1374,2023-01-10,90,40,,Tuesday,,,0
1375,2023-01-11,46,25,,Wednesday,9,,0
1376,2023-01-12,45,7,,Thursday,,,0
1377,2023-01-13,19,9,,Friday,4,,0
1378,2023-01-14,0,6,,Saturday,8,,0
1379,2023-01-15,40,17,,Sunday,,,1
1380,2023-01-16,70,26,Sunny,Monday,6,,0
1381,2023-01-17,66,-5,,Tuesday,7,,1
1382,2023-01-18,24,-5,Sunny,Wednesday,,,0
1383,2023-01-19,40,7,,Thursday,,,0
1384,2023-01-20,77,15,,Friday,,,1
1385,2023-01-21,22,29,Sunny,Saturday,,,0
1386,2023-01-22,28,-6,Rainy,Sunday,,,0
1387,2023-01-23,52,25,,Monday,2,,1
1388,2023-01-24,68,12,,Tuesday,5,,0
1389,2023-01-25,22,30,,Wednesday,0,,0
1390,2023-01-26,87,40,,Thursday,2,,0
1391,2023-01-27,6,,,Friday,2,,1
1392,2023-01-28,28,32,,Saturday,0,,0
1393,2023-01-29,6,2,,Sunday,,,0
1394,2023-01-30,33,-8,Sunny,Monday,9,,0
1395,2023-01-31,15,-7,,Tuesday,,,1
1396,2023-02-01,23,14,,Wednesday,,,0
1397,2023-02-02,55,-7,,Thursday,2,,0
1398,2023-02-03,94,25,Sunny,Friday,,,1
1399,2023-02-04,51,,Sunny,Saturday,6,,0
1400,2023-02-05,73,18,,Sunday,1,,0
1401,2023-02-06,16,2,,Monday,,,1
1402,2023-02-07,78,31,Rainy,Tuesday,,,0
1403,2023-02-08,5,,,Wednesday,,,1
1404,2023-02-09,9,36,,Thursday,3,,0
1405,2023-02-10,79,35,,Friday,,,0
1406,2023-02-11,31,40,,Saturday,2,,0
1407,2023-02-12,47,11,,Sunday,6,,0
1408,2023-02-13,83,-9,,Monday,,,0
1409,2023-02-14,34,22,,Tuesday,,,0
1410,2023-02-15,49,36,,Wednesday,4,,0
1411,2023-02-16,30,24,,Thursday,9,,1
1412,2023-02-17,76,34,,Friday,,,0
1413,2023-02-18,28,12,,Saturday,,,0
1414,2023-02-19,48,,,Sunday,9,,0
1415,2023-02-20,15,16,Rainy,Monday,5,,1
1416,2023-02-21,38,1,,Tuesday,3,,1
1417,2023-02-22,54,37,,Wednesday,,,1
1418,2023-02-23,11,2,Sunny,Thursday,3,,1
1419,2023-02-24,53,2,,Friday,5,,1
1420,2023-02-25,19,25,,Saturday,9,,1
1421,2023-02-26,57,33,,Sunday,,,0
1422,2023-02-27,46,33,Rainy,Monday,,,0
1423,2023-02-28,66,20,Rainy,Tuesday,,,1
1424,2023-03-01,41,15,,Wednesday,10,,0
1425,2023-03-02,91,-4,,Thursday,,,0
1426,2023-03-03,10,22,,Friday,9,,0
1427,2023-03-04,69,33,,Saturday,1,,1
1428,2023-03-05,36,-3,,Sunday,,,1
1429,2023-03-06,71,25,,Monday,,,1
1430,2023-03-07,73,36,,Tuesday,,,0
1431,2023-03-08,63,25,Sunny,Wednesday,,,0
1432,2023-03-09,68,17,,Thursday,4,,1
1433,2023-03-10,63,9,,Friday,,,1
1434,2023-03-11,63,24,,Saturday,10,,1
1435,2023-03-12,1,39,,Sunday,,,0
1436,2023-03-13,51,25,,Monday,,,1
1437,2023-03-14,98,9,,Tuesday,,,1
1438,2023-03-15,46,27,,Wednesday,1,,1
1439,2023-03-16,57,23,,Thursday,4,,0
1440,2023-03-17,94,-3,,Friday,,,0
1441,2023-03-18,40,8,,Saturday,,,1
1442,2023-03-19,18,22,,Sunday,,,0
1443,2023-03-20,67,6,,Monday,0,,1
1444,2023-03-21,91,11,,Tuesday,7,,0
1445,2023-03-22,85,33,,Wednesday,9,,1
1446,2023-03-23,63,-2,,Thursday,2,,1
1447,2023-03-24,72,-8,,Friday,,,0
1448,2023-03-25,95,30,,Saturday,0,,0
1449,2023-03-26,3,35,,Sunday,,,0
1450,2023-03-27,4,34,Sunny,Monday,7,,1
1451,2023-03-28,48,8,,Tuesday,7,,0
1452,2023-03-29,39,26,,Wednesday,1,,1
1453,2023-03-30,23,36,Sunny,Thursday,,,0
1454,2023-03-31,68,4,,Friday,0,,0
1455,2023-04-01,43,24,Rainy,Saturday,2,,1
1456,2023-04-02,35,17,,Sunday,9,,0
1457,2023-04-03,13,25,,Monday,6,,1
1458,2023-04-04,69,19,,Tuesday,3,,1
1459,2023-04-05,56,40,,Wednesday,,,1
1460,2023-04-06,82,,,Thursday,,,0
1461,2023-04-07,2,24,,Friday,,,1
1462,2023-04-08,63,-5,,Saturday,,,0
1463,2023-04-09,27,5,,Sunday,,,1
1464,2023-04-10,50,14,,Monday,5,,0
1465,2023-04-11,96,36,,Tuesday,2,,1
1466,2023-04-12,36,30,,Wednesday,,,1
1467,2023-04-13,0,4,,Thursday,9,,0
1468,2023-04-14,55,4,,Friday,7,,0
1469,2023-04-15,2,27,,Saturday,3,,1
1470,2023-04-16,9,19,,Sunday,4,,1
1471,2023-04-17,18,13,Sunny,Monday,,,1
1472,2023-04-18,99,22,,Tuesday,,1,1
1473,2023-04-19,85,1,,Wednesday,4,,1
1474,2023-04-20,44,32,,Thursday,,,0
1475,2023-04-21,57,-7,,Friday,,,0
1476,2023-04-22,46,-6,,Saturday,9,,1
1477,2023-04-23,8,18,Sunny,Sunday,,,0
1478,2023-04-24,25,22,,Monday,,,0
1479,2023-04-25,52,35,,Tuesday,5,,1
1480,2023-04-26,82,3,,Wednesday,,,0
1481,2023-04-27,5,20,,Thursday,10,,1
1482,2023-04-28,42,,,Friday,,,1
1483,2023-04-29,63,9,,Saturday,3,,0
1484,2023-04-30,84,34,,Sunday,10,,0
1485,2023-05-01,12,16,,Monday,10,,0
1486,2023-05-02,93,32,Sunny,Tuesday,,,1
1487,2023-05-03,10,33,,Wednesday,7,,0
1488,2023-05-04,96,12,,Thursday,3,,0
1489,2023-05-05,69,2,Sunny,Friday,4,,1
1490,2023-05-06,0,9,,Saturday,3,,0
1491,2023-05-07,61,18,,Sunday,0,,0
1492,2023-05-08,2,15,,Monday,9,,1
1493,2023-05-09,70,34,,Tuesday,4,,1
1494,2023-05-10,67,29,,Wednesday,6,,1
1495,2023-05-11,65,40,,Thursday,,,0
1496,2023-05-12,64,10,,Friday,,,1
1497,2023-05-13,47,39,,Saturday,,,1
1498,2023-05-14,88,17,Rainy,Sunday,6,,1
1499,2023-05-15,30,-9,,Monday,,,1
1500,2023-05-16,10,,,Tuesday,,,1
1501,2023-05-17,21,14,,Wednesday,,,1
1502,2023-05-18,63,-6,,Thursday,8,,1
1503,2023-05-19,62,22,Sunny,Friday,5,,1
1504,2023-05-20,83,14,,Saturday,0,1,0
1505,2023-05-21,57,34,,Sunday,5,,1
1506,2023-05-22,25,24,,Monday,,,1
1507,2023-05-23,85,-4,,Tuesday,,,1
1508,2023-05-24,38,29,,Wednesday,7,,0
1509,2023-05-25,19,2,,Thursday,,,1
1510,2023-05-26,66,14,,Friday,,,0
1511,2023-05-27,85,38,,Saturday,,,1
1512,2023-05-28,83,9,,Sunday,2,,0
1513,2023-05-29,20,9,,Monday,,,1
1514,2023-05-30,8,-6,,Tuesday,3,,0
1515,2023-05-31,33,31,,Wednesday,,,0
1516,2023-06-01,4,9,,Thursday,,,1
1517,2023-06-02,95,-4,,Friday,1,,1
1518,2023-06-03,79,-7,,Saturday,0,,1
1519,2023-06-04,95,37,,Sunday,9,,1
1520,2023-06-05,80,9,,Monday,7,,0
1521,2023-06-06,53,35,,Tuesday,6,,1
1522,2023-06-07,65,-9,,Wednesday,4,,0
1523,2023-06-08,96,34,,Thursday,,,0
1524,2023-06-09,59,17,,Friday,,,0
1525,2023-06-10,63,-2,,Saturday,2,,1
1526,2023-06-11,77,25,,Sunday,2,,1
1527,2023-06-12,96,6,,Monday,,,1
1528,2023-06-13,34,-10,,Tuesday,0,,1
1529,2023-06-14,93,9,,Wednesday,1,0,1
1530,2023-06-15,33,-1,,Thursday,8,,1
1531,2023-06-16,46,7,Rainy,Friday,0,,1
1532,2023-06-17,2,11,,Saturday,4,,0
1533,2023-06-18,41,39,,Sunday,,,1
1534,2023-06-19,81,26,Sunny,Monday,4,,1
1535,2023-06-20,6,25,Rainy,Tuesday,,,1
1536,2023-06-21,92,,,Wednesday,2,,0
1537,2023-06-22,44,31,Sunny,Thursday,,,0
1538,2023-06-23,91,23,,Friday,,,1
1539,2023-06-24,29,26,,Saturday,4,,0
1540,2023-06-25,3,23,,Sunday,,,1
1541,2023-06-26,5,-1,,Monday,9,,1
1542,2023-06-27,81,24,,Tuesday,,,1
1543,2023-06-28,45,23,,Wednesday,,,0
1544,2023-06-29,18,30,,Thursday,0,,1
1545,2023-06-30,48,31,,Friday,,,1
1546,2023-07-01,10,5,,Saturday,8,,0
1547,2023-07-02,89,17,,Sunday,3,,0
1548,2023-07-03,38,30,,Monday,0,,0
1549,2023-07-04,34,-3,,Tuesday,,,0
1550,2023-07-05,34,29,,Wednesday,,,1
1551,2023-07-06,65,-1,Rainy,Thursday,1,,0
1552,2023-07-07,1,-9,,Friday,1,,1
1553,2023-07-08,25,37,,Saturday,0,,1
1554,2023-07-09,61,16,,Sunday,,,0
1555,2023-07-10,73,-6,,Monday,9,,0
1556,2023-07-11,74,-6,Rainy,Tuesday,,,1
1557,2023-07-12,3,-1,,Wednesday,5,,0
1558,2023-07-13,4,23,,Thursday,6,,1
1559,2023-07-14,83,30,,Friday,,0,0
1560,2023-07-15,41,-5,,Saturday,,,0
1561,2023-07-16,44,,Sunny,Sunday,,,0
1562,2023-07-17,17,13,,Monday,,,0
1563,2023-07-18,96,7,Rainy,Tuesday,4,,0
1564,2023-07-19,35,21,,Wednesday,4,,1
1565,2023-07-20,86,-6,,Thursday,2,,1
1566,2023-07-21,24,27,,Friday,,,1
1567,2023-07-22,92,37,,Saturday,1,,0
1568,2023-07-23,98,34,,Sunday,2,,1
1569,2023-07-24,95,27,,Monday,2,,0
1570,2023-07-25,24,21,Rainy,Tuesday,,,1
1571,2023-07-26,12,19,Rainy,Wednesday,,,1
1572,2023-07-27,4,14,,Thursday,,,1
1573,2023-07-28,37,17,,Friday,,,0
1574,2023-07-29,19,9,,Saturday,10,,1
1575,2023-07-30,1,39,Sunny,Sunday,7,,1
1576,2023-07-31,56,37,,Monday,,,0
1577,2023-08-01,47,,,Tuesday,7,,1
1578,2023-08-02,23,28,Sunny,Wednesday,,,0
1579,2023-08-03,17,-4,,Thursday,1,,0
1580,2023-08-04,26,32,,Friday,2,,1
1581,2023-08-05,89,29,,Saturday,5,,1
1582,2023-08-06,9,,Sunny,Sunday,10,,0
1583,2023-08-07,95,20,,Monday,,,1
1584,2023-08-08,71,,,Tuesday,1,,0
1585,2023-08-09,4,37,Rainy,Wednesday,,,1
1586,2023-08-10,55,37,,Thursday,0,,0
1587,2023-08-11,50,-3,,Friday,4,,1
1588,2023-08-12,18,-6,,Saturday,3,,0
1589,2023-08-13,89,5,,Sunday,,,0
1590,2023-08-14,2,20,Rainy,Monday,,,0
1591,2023-08-15,32,24,Rainy,Tuesday,,,0
1592,2023-08-16,99,19,,Wednesday,,,0
1593,2023-08-17,38,-8,,Thursday,0,,0
1594,2023-08-18,76,-1,,Friday,8,,1
1595,2023-08-19,23,7,Rainy,Saturday,9,,0
1596,2023-08-20,50,15,,Sunday,2,,0
1597,2023-08-21,99,29,,Monday,9,,0
1598,2023-08-22,22,-6,,Tuesday,4,,1
1599,2023-08-23,3,,,Wednesday,7,,1
1600,2023-08-24,15,-2,,Thursday,10,,1
1601,2023-08-25,9,22,,Friday,8,,0
1602,2023-08-26,99,29,,Saturday,5,,0
1603,2023-08-27,49,18,,Sunday,,,0
1604,2023-08-28,4,-2,,Monday,8,,1
1605,2023-08-29,42,-7,,Tuesday,10,,1
1606,2023-08-30,77,,Rainy,Wednesday,,,1
1607,2023-08-31,28,-3,,Thursday,,,0
1608,2023-09-01,76,26,,Friday,0,,1
1609,2023-09-02,82,30,,Saturday,7,,1
1610,2023-09-03,90,30,,Sunday,,,1
1611,2023-09-04,24,24,,Monday,,,1
1612,2023-09-05,74,-1,,Tuesday,,,1
1613,2023-09-06,30,27,Rainy,Wednesday,10,,0
1614,2023-09-07,68,-10,,Thursday,4,,1
1615,2023-09-08,91,3,Rainy,Friday,,,0
1616,2023-09-09,7,-4,,Saturday,2,,0
1617,2023-09-10,60,16,,Sunday,4,,1
1618,2023-09-11,65,24,,Monday,7,,0
1619,2023-09-12,12,4,,Tuesday,4,,0
1620,2023-09-13,74,1,Rainy,Wednesday,1,,0
1621,2023-09-14,71,-6,Sunny,Thursday,2,,0
1622,2023-09-15,2,39,,Friday,,1,0
1623,2023-09-16,43,28,,Saturday,8,,0
1624,2023-09-17,13,13,Sunny,Sunday,5,,0
1625,2023-09-18,17,-8,,Monday,,,1
1626,2023-09-19,7,-7,,Tuesday,,,0
1627,2023-09-20,38,9,,Wednesday,10,,0
1628,2023-09-21,6,12,,Thursday,,,0
1629,2023-09-22,69,,,Friday,7,,0
1630,2023-09-23,83,-9,,Saturday,0,,0
1631,2023-09-24,45,36,,Sunday,,,0
1632,2023-09-25,98,-5,,Monday,7,,1
1633,2023-09-26,54,12,,Tuesday,0,,1
1634,2023-09-27,29,23,,Wednesday,6,,1
1635,2023-09-28,79,9,Sunny,Thursday,4,,0
1636,2023-09-29,38,5,,Friday,4,,0
1637,2023-09-30,69,9,,Saturday,,,1
1638,2023-10-01,83,26,Sunny,Sunday,,,1
1639,2023-10-02,33,3,Rainy,Monday,,,0
1640,2023-10-03,18,,,Tuesday,8,,1
1641,2023-10-04,65,-7,Sunny,Wednesday,,,0
1642,2023-10-05,32,16,,Thursday,,,1
1643,2023-10-06,94,40,,Friday,6,,0
1644,2023-10-07,70,13,Rainy,Saturday,10,,0
1645,2023-10-08,23,8,,Sunday,1,,0
1646,2023-10-09,87,-5,Sunny,Monday,5,,0
1647,2023-10-10,74,1,,Tuesday,5,,0
1648,2023-10-11,44,24,,Wednesday,,,1
1649,2023-10-12,62,22,,Thursday,6,,0
1650,2023-10-13,62,18,,Friday,,,0
1651,2023-10-14,5,-2,,Saturday,,,0
1652,2023-10-15,19,-3,,Sunday,,,0
1653,2023-10-16,50,22,,Monday,3,,0
1654,2023-10-17,79,20,,Tuesday,,,0
1655,2023-10-18,41,-1,,Wednesday,,,0
1656,2023-10-19,44,8,,Thursday,,0,0
1657,2023-10-20,13,13,,Friday,,,0
1658,2023-10-21,21,29,,Saturday,10,,0
1659,2023-10-22,88,18,,Sunday,6,,1
1660,2023-10-23,11,15,,Monday,,,1
1661,2023-10-24,82,,,Tuesday,,,0
1662,2023-10-25,31,28,,Wednesday,0,,0
1663,2023-10-26,38,9,,Thursday,2,,0
1664,2023-10-27,68,37,Rainy,Friday,8,,0
1665,2023-10-28,85,40,,Saturday,,,0
1666,2023-10-29,8,32,,Sunday,,,1
1667,2023-10-30,46,,,Monday,2,,0
1668,2023-10-31,39,10,Rainy,Tuesday,,,1
1669,2023-11-01,3,9,,Wednesday,0,,0
1670,2023-11-02,79,15,,Thursday,,,1
1671,2023-11-03,56,30,,Friday,,,0
1672,2023-11-04,13,35,,Saturday,,,1
1673,2023-11-05,46,13,Sunny,Sunday,4,,0
1674,2023-11-06,21,40,,Monday,,,0
1675,2023-11-07,8,18,,Tuesday,,,1
1676,2023-11-08,51,34,,Wednesday,2,,1
1677,2023-11-09,30,35,,Thursday,,,0
1678,2023-11-10,37,14,,Friday,6,,0
1679,2023-11-11,22,1,,Saturday,2,,1
1680,2023-11-12,60,24,,Sunday,10,,0
1681,2023-11-13,86,8,,Monday,,,0
1682,2023-11-14,99,13,Sunny,Tuesday,0,,1
1683,2023-11-15,61,6,,Wednesday,10,,1
1684,2023-11-16,66,2,Rainy,Thursday,6,,1
1685,2023-11-17,62,-8,Rainy,Friday,7,,0
1686,2023-11-18,82,4,,Saturday,,,0
1687,2023-11-19,1,-1,,Sunday,2,,1
1688,2023-11-20,94,26,,Monday,,,1
1689,2023-11-21,38,18,,Tuesday,,,0
1690,2023-11-22,0,20,,Wednesday,3,,0
1691,2023-11-23,5,-5,,Thursday,7,,0
1692,2023-11-24,76,0,,Friday,2,1,0
1693,2023-11-25,71,38,Sunny,Saturday,6,,0
1694,2023-11-26,17,28,,Sunday,,,1
1695,2023-11-27,28,-8,,Monday,,,1
1696,2023-11-28,10,19,,Tuesday,,,0
1697,2023-11-29,30,-4,,Wednesday,,,1
1698,2023-11-30,76,14,,Thursday,8,,0
1699,2023-12-01,68,33,,Friday,8,,0
1700,2023-12-02,40,13,,Saturday,,,1
1701,2023-12-03,33,-8,Sunny,Sunday,1,,1
1702,2023-12-04,79,28,,Monday,8,,0
1703,2023-12-05,58,3,,Tuesday,,,1
1704,2023-12-06,64,3,,Wednesday,,,0
1705,2023-12-07,76,-1,,Thursday,3,,0
1706,2023-12-08,60,3,,Friday,,,1
1707,2023-12-09,66,39,,Saturday,,,1
1708,2023-12-10,53,31,,Sunday,8,,1
1709,2023-12-11,63,36,,Monday,0,,1
1710,2023-12-12,21,0,,Tuesday,,,0
1711,2023-12-13,75,6,,Wednesday,8,,0
1712,2023-12-14,98,29,,Thursday,,,0
1713,2023-12-15,58,23,Rainy,Friday,3,,1
1714,2023-12-16,9,10,,Saturday,7,,0
1715,2023-12-17,57,32,Rainy,Sunday,7,,1
1716,2023-12-18,38,27,,Monday,9,,1
1717,2023-12-19,35,-5,,Tuesday,3,,0
1718,2023-12-20,90,-6,,Wednesday,6,,1
1719,2023-12-21,60,24,,Thursday,1,,0
1720,2023-12-22,8,32,,Friday,1,,1
1721,2023-12-23,84,4,,Saturday,,,0
1722,2023-12-24,5,-10,Rainy,Sunday,,,0
1723,2023-12-25,62,17,,Monday,4,0,1
1724,2023-12-26,41,-6,,Tuesday,,,0
1725,2023-12-27,96,12,Sunny,Wednesday,10,,1
1726,2023-12-28,52,,,Thursday,,,1
1727,2023-12-29,15,26,,Friday,,,1
1728,2023-12-30,27,-8,,Saturday,2,1,1
1729,2023-12-31,73,25,,Sunday,,,0
1730,2024-01-01,78,18,,Monday,,,0
1731,2024-01-02,30,7,,Tuesday,,,1
1732,2024-01-03,7,,,Wednesday,10,,1
1733,2024-01-04,26,3,,Thursday,,,1
1734,2024-01-05,80,-2,,Friday,,,0
1735,2024-01-06,65,0,,Saturday,,,1
1736,2024-01-07,6,32,Rainy,Sunday,,,1
1737,2024-01-08,34,25,,Monday,,,0
1738,2024-01-09,71,24,,Tuesday,10,,0
1739,2024-01-10,80,36,Rainy,Wednesday,,,0
1740,2024-01-11,32,-10,Rainy,Thursday,,,1
1741,2024-01-12,50,32,Sunny,Friday,1,,1
1742,2024-01-13,98,13,,Saturday,,,1
1743,2024-01-14,96,32,,Sunday,6,,0
1744,2024-01-15,80,35,,Monday,,,1
1745,2024-01-16,1,20,,Tuesday,,,0
1746,2024-01-17,22,24,,Wednesday,3,,1
1747,2024-01-18,74,6,,Thursday,2,,1
1748,2024-01-19,92,33,,Friday,,,0
1749,2024-01-20,21,1,,Saturday,,,1
1750,2024-01-21,4,32,Rainy,Sunday,6,,1
1751,2024-01-22,93,6,,Monday,,,1
1752,2024-01-23,84,5,,Tuesday,10,,0
1753,2024-01-24,55,-5,,Wednesday,,,0
1754,2024-01-25,27,38,,Thursday,2,,0
1755,2024-01-26,3,25,Sunny,Friday,3,,0
1756,2024-01-27,99,-3,,Saturday,,,0
1757,2024-01-28,14,35,,Sunday,5,,0
1758,2024-01-29,35,17,,Monday,9,,0
1759,2024-01-30,93,23,,Tuesday,9,,0
1760,2024-01-31,79,-9,,Wednesday,1,,1
1761,2024-02-01,38,24,,Thursday,,,1
1762,2024-02-02,33,16,,Friday,8,,1
1763,2024-02-03,95,36,,Saturday,,,1
1764,2024-02-04,59,24,,Sunday,,,0
1765,2024-02-05,53,,,Monday,7,,1
1766,2024-02-06,94,18,,Tuesday,,,0
1767,2024-02-07,96,-1,Rainy,Wednesday,,,0
1768,2024-02-08,34,-7,,Thursday,,,0
1769,2024-02-09,1,8,,Friday,,,1
1770,2024-02-10,21,2,,Saturday,10,,1
1771,2024-02-11,64,27,,Sunday,,,0
1772,2024-02-12,95,11,Rainy,Monday,,,1
1773,2024-02-13,78,-9,,Tuesday,,,1
1774,2024-02-14,12,25,Rainy,Wednesday,8,,0
1775,2024-02-15,39,5,,Thursday,2,,0
1776,2024-02-16,12,38,,Friday,,,0
1777,2024-02-17,35,27,,Saturday,,,1
1778,2024-02-18,77,5,,Sunday,2,,0
1779,2024-02-19,80,3,,Monday,0,,1
1780,2024-02-20,22,1,,Tuesday,,,1
1781,2024-02-21,12,7,Rainy,Wednesday,,,1
1782,2024-02-22,46,33,,Thursday,7,,1
1783,2024-02-23,92,7,,Friday,7,,1
1784,2024-02-24,71,33,,Saturday,,,0
1785,2024-02-25,59,35,,Sunday,10,,1
1786,2024-02-26,94,-1,,Monday,,,1
1787,2024-02-27,19,,,Tuesday,,,1
1788,2024-02-28,74,34,,Wednesday,0,,1
1789,2024-02-29,29,16,,Thursday,,,1
1790,2024-03-01,35,16,,Friday,,,0
1791,2024-03-02,72,,,Saturday,,,1
1792,2024-03-03,72,27,Sunny,Sunday,2,,1
1793,2024-03-04,19,28,,Monday,,,0
1794,2024-03-05,27,13,,Tuesday,10,,0
1795,2024-03-06,48,34,Sunny,Wednesday,,,1
1796,2024-03-07,45,9,,Thursday,,,0
1797,2024-03-08,14,28,,Friday,,,0
1798,2024-03-09,26,9,,Saturday,,,0
1799,2024-03-10,20,11,Sunny,Sunday,,,1
1800,2024-03-11,12,18,,Monday,3,,0
1801,2024-03-12,33,-6,,Tuesday,8,,1
1802,2024-03-13,2,16,,Wednesday,6,,1
1803,2024-03-14,98,20,,Thursday,10,,0
1804,2024-03-15,8,-10,,Friday,,,0
1805,2024-03-16,48,-4,,Saturday,,,1
1806,2024-03-17,7,-3,,Sunday,10,,1
1807,2024-03-18,56,37,Rainy,Monday,,,0
1808,2024-03-19,94,21,,Tuesday,10,,1
1809,2024-03-20,99,4,,Wednesday,,,1
1810,2024-03-21,74,32,,Thursday,7,,1
1811,2024-03-22,37,,Sunny,Friday,5,,1
1812,2024-03-23,78,-4,Rainy,Saturday,,,0
1813,2024-03-24,49,28,,Sunday,,,1
1814,2024-03-25,80,-1,,Monday,1,,1
1815,2024-03-26,11,22,,Tuesday,9,,0
1816,2024-03-27,53,24,,Wednesday,2,,0
1817,2024-03-28,59,,,Thursday,4,,0
1818,2024-03-29,94,39,,Friday,7,,0
1819,2024-03-30,69,3,,Saturday,7,,1
1820,2024-03-31,55,14,,Sunday,1,,1
1821,2024-04-01,77,2,,Monday,2,,1
1822,2024-04-02,58,22,,Tuesday,9,,1
1823,2024-04-03,93,-8,,Wednesday,,,0
1824,2024-04-04,49,1,,Thursday,,,1
1825,2024-04-05,9,5,,Friday,,,0
1826,2024-04-06,18,-4,,Saturday,,,1
1827,2024-04-07,64,-3,,Sunday,5,,1
1828,2024-04-08,33,7,,Monday,1,,1
1829,2024-04-09,18,,,Tuesday,,,1
1830,2024-04-10,82,32,,Wednesday,7,,1
1831,2024-04-11,62,35,,Thursday,9,,0
1832,2024-04-12,28,-3,Sunny,Friday,3,,1
1833,2024-04-13,65,32,Sunny,Saturday,,,0
1834,2024-04-14,90,14,,Sunday,0,,0
1835,2024-04-15,86,-6,,Monday,5,,0
1836,2024-04-16,60,27,,Tuesday,,,1
1837,2024-04-17,17,38,Sunny,Wednesday,,,0
1838,2024-04-18,69,21,Sunny,Thursday,,,0
1839,2024-04-19,75,26,Rainy,Friday,,,0
1840,2024-04-20,1,-7,,Saturday,7,,0
1841,2024-04-21,51,25,,Sunday,3,,0
1842,2024-04-22,68,34,,Monday,2,,0
1843,2024-04-23,13,15,,Tuesday,,,0
1844,2024-04-24,73,39,,Wednesday,,,1
1845,2024-04-25,11,-4,,Thursday,,,0
1846,2024-04-26,57,22,Rainy,Friday,7,,1
1847,2024-04-27,44,9,,Saturday,,,0
1848,2024-04-28,88,35,Rainy,Sunday,10,,1
1849,2024-04-29,14,24,,Monday,,,0
1850,2024-04-30,98,-9,,Tuesday,,,0
1851,2024-05-01,38,-1,,Wednesday,5,,0
1852,2024-05-02,73,17,,Thursday,,,1
1853,2024-05-03,83,-6,,Friday,8,,0
1854,2024-05-04,44,25,,Saturday,,,0
1855,2024-05-05,68,15,Rainy,Sunday,3,,0
1856,2024-05-06,86,-10,,Monday,,,1
1857,2024-05-07,96,38,Sunny,Tuesday,5,,1
1858,2024-05-08,69,20,,Wednesday,3,,1
1859,2024-05-09,6,5,,Thursday,5,,1
1860,2024-05-10,10,-8,,Friday,,,1
1861,2024-05-11,17,2,,Saturday,,,1
1862,2024-05-12,98,,,Sunday,,,1
1863,2024-05-13,56,0,,Monday,,,1
1864,2024-05-14,20,-2,,Tuesday,1,,1
1865,2024-05-15,50,33,,Wednesday,1,,0
1866,2024-05-16,94,-8,,Thursday,4,,1
1867,2024-05-17,32,-10,,Friday,7,,0
1868,2024-05-18,71,,,Saturday,1,,1
1869,2024-05-19,75,24,,Sunday,6,,1
1870,2024-05-20,44,2,,Monday,9,,0
1871,2024-05-21,40,,,Tuesday,1,,0
1872,2024-05-22,10,32,,Wednesday,9,,0
1873,2024-05-23,73,24,,Thursday,,,1
1874,2024-05-24,77,17,,Friday,,,1
1875,2024-05-25,97,4,Sunny,Saturday,6,,0
1876,2024-05-26,41,34,,Sunday,,,1
1877,2024-05-27,66,9,,Monday,9,,0
1878,2024-05-28,74,30,,Tuesday,4,,1
1879,2024-05-29,40,10,Sunny,Wednesday,,,1
1880,2024-05-30,11,26,,Thursday,5,1,1
1881,2024-05-31,27,25,,Friday,,,0
1882,2024-06-01,63,-10,,Saturday,5,,1
1883,2024-06-02,12,0,,Sunday,0,,1
1884,2024-06-03,66,-10,,Monday,1,,1
1885,2024-06-04,52,22,,Tuesday,2,,0
1886,2024-06-05,85,6,,Wednesday,,,1
1887,2024-06-06,17,18,Sunny,Thursday,9,,1
1888,2024-06-07,32,20,,Friday,,,0
1889,2024-06-08,57,21,,Saturday,,,0
1890,2024-06-09,75,-8,,Sunday,8,,0
1891,2024-06-10,70,37,,Monday,7,,0
1892,2024-06-11,3,13,,Tuesday,,,1
1893,2024-06-12,14,10,,Wednesday,5,,0
1894,2024-06-13,79,-9,,Thursday,9,,0
1895,2024-06-14,76,25,,Friday,,,1
1896,2024-06-15,93,-10,,Saturday,,,0
1897,2024-06-16,8,-3,,Sunday,,,0
1898,2024-06-17,88,31,,Monday,7,,0
1899,2024-06-18,78,10,,Tuesday,,,0
1900,2024-06-19,64,-10,Sunny,Wednesday,8,,0
1901,2024-06-20,95,7,,Thursday,,,1
1902,2024-06-21,14,33,,Friday,7,,0
1903,2024-06-22,74,-9,,Saturday,6,,0
1904,2024-06-23,94,,,Sunday,,,1
1905,2024-06-24,31,31,,Monday,4,,1
1906,2024-06-25,91,29,,Tuesday,2,,1
1907,2024-06-26,88,-6,,Wednesday,1,,0
1908,2024-06-27,33,-4,,Thursday,,,1
1909,2024-06-28,63,17,,Friday,,,1
1910,2024-06-29,98,-5,,Saturday,,,1
1911,2024-06-30,59,26,,Sunday,0,,0
1912,2024-07-01,26,38,,Monday,,,0
1913,2024-07-02,70,16,,Tuesday,10,,1
1914,2024-07-03,64,37,,Wednesday,0,,1
1915,2024-07-04,14,18,,Thursday,9,,1
1916,2024-07-05,21,12,,Friday,,,0
1917,2024-07-06,53,7,,Saturday,,,0
1918,2024-07-07,0,2,Sunny,Sunday,,,0
1919,2024-07-08,6,2,,Monday,6,,0
1920,2024-07-09,92,6,,Tuesday,4,,1
1921,2024-07-10,9,17,,Wednesday,6,,0
1922,2024-07-11,10,18,,Thursday,,,1
1923,2024-07-12,34,1,,Friday,7,,0
1924,2024-07-13,24,-4,,Saturday,,,0
1925,2024-07-14,58,,,Sunday,10,,0
1926,2024-07-15,57,11,,Monday,10,,0
1927,2024-07-16,47,33,,Tuesday,,,0
1928,2024-07-17,50,-6,Rainy,Wednesday,,,0
1929,2024-07-18,91,8,,Thursday,,,1
1930,2024-07-19,96,-1,,Friday,3,,1
1931,2024-07-20,49,40,,Saturday,,,0
1932,2024-07-21,91,28,,Sunday,,,1
1933,2024-07-22,80,-7,Sunny,Monday,2,,0
1934,2024-07-23,84,15,,Tuesday,9,,1
1935,2024-07-24,4,3,,Wednesday,,,0
1936,2024-07-25,4,30,,Thursday,3,,0
1937,2024-07-26,71,3,,Friday,,,0
1938,2024-07-27,31,9,,Saturday,,,1
1939,2024-07-28,64,,,Sunday,,,0
1940,2024-07-29,56,36,Rainy,Monday,7,,0
1941,2024-07-30,87,32,Rainy,Tuesday,,,1
1942,2024-07-31,65,23,,Wednesday,9,,0
1943,2024-08-01,44,-10,Rainy,Thursday,,,0
1944,2024-08-02,20,23,,Friday,,,0
1945,2024-08-03,37,34,,Saturday,3,,0
1946,2024-08-04,69,7,,Sunday,,,0
1947,2024-08-05,81,40,,Monday,3,,1
1948,2024-08-06,36,21,Sunny,Tuesday,4,,0
1949,2024-08-07,72,39,,Wednesday,8,,0
1950,2024-08-08,91,24,Rainy,Thursday,,,0
1951,2024-08-09,11,9,,Friday,,,0
1952,2024-08-10,22,32,,Saturday,8,,0
1953,2024-08-11,92,34,,Sunday,,,1
1954,2024-08-12,5,,Sunny,Monday,3,,0
1955,2024-08-13,93,20,,Tuesday,7,,1
1956,2024-08-14,89,3,,Wednesday,,,0
1957,2024-08-15,35,18,Rainy,Thursday,,,0
1958,2024-08-16,44,8,,Friday,,,0
1959,2024-08-17,21,26,,Saturday,6,,1
1960,2024-08-18,84,17,,Sunday,,,0
1961,2024-08-19,49,-7,,Monday,1,,0
1962,2024-08-20,34,35,,Tuesday,10,,1
1963,2024-08-21,48,29,,Wednesday,,,0
1964,2024-08-22,3,14,,Thursday,,,0
1965,2024-08-23,73,-1,Rainy,Friday,,,0
1966,2024-08-24,11,7,,Saturday,7,,1
1967,2024-08-25,39,1,,Sunday,2,,1
1968,2024-08-26,44,28,,Monday,3,,0
1969,2024-08-27,83,-2,,Tuesday,8,,1
1970,2024-08-28,86,-6,Rainy,Wednesday,,,1
1971,2024-08-29,16,26,,Thursday,6,,0
1972,2024-08-30,51,22,,Friday,,,1
1973,2024-08-31,47,1,,Saturday,10,,0
1974,2024-09-01,35,-5,,Sunday,8,,1
1975,2024-09-02,63,8,,Monday,5,,0
1976,2024-09-03,55,21,,Tuesday,9,,0
1977,2024-09-04,41,,,Wednesday,5,,0
1978,2024-09-05,98,-4,,Thursday,,,1
1979,2024-09-06,59,32,,Friday,2,,1
1980,2024-09-07,71,-10,,Saturday,6,,1
1981,2024-09-08,47,27,Rainy,Sunday,,,1
1982,2024-09-09,90,37,,Monday,,,0
1983,2024-09-10,2,24,Rainy,Tuesday,,,1
1984,2024-09-11,86,14,,Wednesday,,,0
1985,2024-09-12,48,30,,Thursday,,,1
1986,2024-09-13,50,11,,Friday,,,1
1987,2024-09-14,99,16,,Saturday,6,,1
1988,2024-09-15,38,2,,Sunday,4,,0
1989,2024-09-16,9,13,,Monday,,,1
1990,2024-09-17,45,-8,,Tuesday,,,0
1991,2024-09-18,88,12,Rainy,Wednesday,,,0
1992,2024-09-19,11,,,Thursday,6,,1
1993,2024-09-20,26,0,,Friday,,,1
1994,2024-09-21,86,18,,Saturday,,,1
1995,2024-09-22,89,-6,,Sunday,6,,0
1996,2024-09-23,17,-4,,Monday,2,,0
1997,2024-09-24,64,5,,Tuesday,,,0
1998,2024-09-25,94,37,,Wednesday,1,,0
1999,2024-09-26,99,24,,Thursday,2,,1
